reservation_id,branch,seat_type,age_group,day_type,usage_minutes,rate_per_hour,visit_count,membership,satisfaction,currency
RSV00001,홍대점,개인석,30대,평일,176,2300,2,N,3,KRW
RSV00002,잠실점,개인석,30대,평일,62,2600,8,Y,3,KRW
RSV00003,건대점,오픈석,20대,평일,127,1500,8,N,3,KRW
RSV00004,신촌점,오픈석,30대,평일,181,1600,6,Y,3,KRW
RSV00005,강남점,오픈석,20대,평일,119,1400,6,N,3,KRW
RSV00006,강남점,오픈석,30대,평일,211,1500,3,N,3,KRW
RSV00007,강남점,개인석,40대이상,주말,372,2300,3,N,5,KRW
RSV00008,잠실점,개인석,10대,평일,292,2600,5,Y,3,KRW
RSV00009,신촌점,개인석,30대,평일,144,2600,5,N,3,KRW
RSV00010,건대점,개인석,10대,주말,266,2600,6,Y,4,KRW
RSV00011,강남점,스터디룸,20대,평일,101,6000,4,Y,4,KRW
RSV00012,잠실점,개인석,20대,평일,302,2600,3,N,3,KRW
RSV00013,건대점,스터디룸,20대,평일,480,6500,6,Y,5,KRW
RSV00014,강남점,오픈석,20대,평일,205,1500,7,Y,4,KRW
RSV00015,강남점,오픈석,30대,평일,340,1500,2,N,3,KRW
RSV00016,강남점,오픈석,20대,평일,86,1400,7,Y,2,KRW
RSV00017,홍대점,개인석,30대,평일,119,2400,7,Y,2,KRW
RSV00018,신촌점,스터디룸,20대,주말,204,6000,6,Y,5,KRW
RSV00019,홍대점,오픈석,10대,평일,163,1600,4,Y,4,KRW
RSV00020,홍대점,스터디룸,30대,평일,236,5900,4,N,4,KRW
RSV00021,신촌점,오픈석,20대,주말,154,1500,5,Y,3,KRW
RSV00022,강남점,스터디룸,20대,평일,220,5900,4,N,4,KRW
RSV00023,홍대점,오픈석,30대,주말,307,1400,4,N,4,KRW
RSV00024,홍대점,오픈석,20대,평일,226,1500,2,Y,3,KRW
RSV00025,홍대점,개인석,10대,주말,186,2300,7,N,3,KRW
RSV00026,건대점,오픈석,20대,평일,254,1600,6,Y,4,KRW
RSV00027,강남점,오픈석,40대이상,주말,168,1400,7,Y,2,KRW
RSV00028,신촌점,오픈석,30대,주말,209,1600,5,Y,3,KRW
RSV00029,신촌점,스터디룸,30대,평일,305,5600,7,Y,4,KRW
RSV00030,강남점,개인석,30대,평일,176,2600,6,N,4,KRW
RSV00031,신촌점,오픈석,20대,평일,93,1600,4,Y,3,KRW
RSV00032,강남점,개인석,20대,평일,197,2600,5,N,3,KRW
RSV00033,강남점,개인석,30대,평일,291,2400,3,N,4,KRW
RSV00034,잠실점,오픈석,10대,평일,289,1500,2,N,3,KRW
RSV00035,잠실점,오픈석,20대,평일,102,1400,6,N,3,KRW
RSV00036,건대점,오픈석,20대,평일,249,1500,4,N,4,KRW
RSV00037,홍대점,오픈석,20대,평일,156,1600,8,Y,3,KRW
RSV00038,강남점,개인석,40대이상,평일,367,2600,9,Y,5,KRW
RSV00039,건대점,오픈석,10대,평일,94,1500,8,Y,3,KRW
RSV00040,홍대점,개인석,20대,평일,261,2400,7,Y,4,KRW
RSV00041,강남점,개인석,20대,평일,163,2600,1,N,3,KRW
RSV00042,신촌점,오픈석,40대이상,평일,130,1500,4,Y,3,KRW
RSV00043,강남점,개인석,10대,평일,296,2200,3,N,5,KRW
RSV00044,잠실점,오픈석,20대,평일,303,1600,7,Y,4,KRW
RSV00045,홍대점,스터디룸,30대,평일,92,6000,7,Y,3,KRW
RSV00046,건대점,개인석,30대,주말,323,2700,8,Y,5,KRW
RSV00047,홍대점,스터디룸,20대,평일,201,5700,3,N,4,KRW
RSV00048,신촌점,개인석,20대,평일,194,2000,8,Y,3,KRW
RSV00049,신촌점,오픈석,20대,주말,116,1500,2,N,3,KRW
RSV00050,강남점,개인석,20대,주말,278,2500,4,N,4,KRW
RSV00051,잠실점,스터디룸,20대,주말,480,5500,4,N,5,KRW
RSV00052,건대점,개인석,20대,평일,149,2400,3,Y,5,KRW
RSV00053,잠실점,스터디룸,20대,평일,348,6800,3,N,4,KRW
RSV00054,잠실점,스터디룸,20대,주말,231,5900,2,N,4,KRW
RSV00055,신촌점,오픈석,30대,평일,137,1600,4,N,3,KRW
RSV00056,잠실점,오픈석,40대이상,평일,83,1400,8,Y,2,KRW
RSV00057,강남점,개인석,30대,주말,381,2200,8,Y,3,KRW
RSV00058,강남점,오픈석,10대,주말,212,1500,3,N,3,KRW
RSV00059,강남점,스터디룸,10대,주말,195,5900,1,N,4,KRW
RSV00060,홍대점,스터디룸,40대이상,주말,207,5900,4,N,4,KRW
RSV00061,홍대점,오픈석,20대,주말,273,1500,7,Y,3,KRW
RSV00062,홍대점,오픈석,10대,평일,140,1500,10,Y,4,KRW
RSV00063,건대점,스터디룸,20대,주말,163,6000,3,N,5,KRW
RSV00064,홍대점,오픈석,30대,평일,167,1400,3,N,3,KRW
RSV00065,홍대점,스터디룸,30대,평일,194,6100,5,N,3,KRW
RSV00066,신촌점,개인석,20대,주말,202,2200,5,Y,4,KRW
RSV00067,강남점,개인석,10대,평일,156,2200,3,N,4,KRW
RSV00068,건대점,오픈석,40대이상,평일,323,1600,7,Y,3,KRW
RSV00069,강남점,개인석,20대,평일,480,2600,5,Y,5,KRW
RSV00070,잠실점,개인석,30대,주말,142,2500,3,N,3,KRW
RSV00071,건대점,개인석,30대,평일,73,2300,7,Y,3,KRW
RSV00072,강남점,오픈석,30대,주말,182,1400,4,Y,3,KRW
RSV00073,강남점,개인석,20대,평일,76,2500,4,Y,3,KRW
RSV00074,건대점,스터디룸,20대,주말,134,5500,4,N,3,KRW
RSV00075,건대점,오픈석,20대,주말,160,1400,6,Y,3,KRW
RSV00076,건대점,오픈석,40대이상,평일,247,1600,3,Y,3,KRW
RSV00077,건대점,오픈석,40대이상,평일,156,1600,7,Y,3,KRW
RSV00078,강남점,개인석,10대,평일,67,2400,4,N,3,KRW
RSV00079,홍대점,개인석,20대,주말,195,2600,4,N,3,KRW
RSV00080,강남점,개인석,40대이상,평일,175,2200,2,N,3,KRW
RSV00081,잠실점,오픈석,30대,주말,187,1600,5,N,3,KRW
RSV00082,신촌점,오픈석,40대이상,평일,299,1400,8,Y,4,KRW
RSV00083,홍대점,개인석,20대,주말,314,2500,5,N,5,KRW
RSV00084,강남점,개인석,20대,주말,223,2500,2,N,3,KRW
RSV00085,홍대점,스터디룸,30대,주말,480,6400,2,N,5,KRW
RSV00086,홍대점,오픈석,30대,주말,160,1400,3,Y,2,KRW
RSV00087,건대점,개인석,20대,평일,181,2600,5,Y,4,KRW
RSV00088,신촌점,오픈석,10대,평일,174,1500,9,Y,4,KRW
RSV00089,잠실점,개인석,20대,주말,122,2500,4,Y,2,KRW
RSV00090,신촌점,개인석,20대,주말,216,2500,5,Y,3,KRW
RSV00091,강남점,개인석,20대,평일,90,2400,4,N,3,KRW
RSV00092,건대점,스터디룸,40대이상,평일,155,6000,5,Y,4,KRW
RSV00093,건대점,오픈석,20대,평일,187,1500,3,N,3,KRW
RSV00094,신촌점,오픈석,30대,평일,89,1500,5,Y,3,KRW
RSV00095,건대점,개인석,20대,평일,223,2500,4,N,4,KRW
RSV00096,신촌점,개인석,30대,평일,130,2600,8,Y,3,KRW
RSV00097,신촌점,오픈석,40대이상,주말,171,1600,4,N,3,KRW
RSV00098,홍대점,오픈석,10대,평일,227,1400,6,N,3,KRW
RSV00099,강남점,오픈석,10대,평일,169,1600,4,Y,3,KRW
RSV00100,강남점,스터디룸,20대,평일,236,5600,1,N,4,KRW
RSV00101,강남점,오픈석,10대,평일,220,1600,7,N,3,KRW
RSV00102,신촌점,오픈석,30대,주말,193,1600,8,Y,3,KRW
RSV00103,홍대점,오픈석,40대이상,주말,237,1300,6,N,4,KRW
RSV00104,신촌점,오픈석,20대,평일,124,1500,5,Y,2,KRW
RSV00105,잠실점,오픈석,20대,주말,250,1500,2,N,4,KRW
RSV00106,강남점,개인석,20대,주말,197,2400,9,Y,4,KRW
RSV00107,홍대점,오픈석,30대,주말,353,1600,5,N,3,KRW
RSV00108,건대점,스터디룸,10대,평일,219,5800,1,N,5,KRW
RSV00109,강남점,오픈석,20대,주말,158,1400,4,Y,3,KRW
RSV00110,강남점,개인석,30대,평일,242,2500,4,N,3,KRW
RSV00111,홍대점,스터디룸,30대,평일,365,6200,4,Y,4,KRW
RSV00112,강남점,개인석,20대,평일,154,2500,4,N,4,KRW
RSV00113,잠실점,개인석,30대,평일,142,2700,4,Y,4,KRW
RSV00114,건대점,오픈석,10대,평일,45,1600,6,Y,3,KRW
RSV00115,신촌점,오픈석,20대,평일,189,1300,10,Y,3,KRW
RSV00116,잠실점,개인석,40대이상,평일,164,2400,5,N,3,KRW
RSV00117,건대점,스터디룸,30대,주말,282,5800,2,N,4,KRW
RSV00118,강남점,개인석,10대,주말,269,2600,2,N,4,KRW
RSV00119,잠실점,개인석,20대,평일,99,2100,4,Y,3,KRW
RSV00120,신촌점,개인석,20대,주말,313,2900,3,N,4,KRW
RSV00121,건대점,개인석,20대,주말,158,2600,4,N,3,KRW
RSV00122,잠실점,오픈석,20대,주말,164,1500,2,N,3,KRW
RSV00123,홍대점,개인석,10대,평일,224,2700,6,N,4,KRW
RSV00124,강남점,스터디룸,20대,주말,153,6700,5,N,2,KRW
RSV00125,강남점,오픈석,30대,주말,153,1600,11,Y,3,KRW
RSV00126,홍대점,개인석,30대,주말,134,2600,5,Y,4,KRW
RSV00127,건대점,오픈석,30대,평일,286,1500,4,Y,4,KRW
RSV00128,잠실점,개인석,10대,평일,160,2500,6,N,3,KRW
RSV00129,강남점,오픈석,40대이상,평일,90,1500,3,N,2,KRW
RSV00130,신촌점,개인석,30대,평일,108,2400,4,Y,3,KRW
RSV00131,홍대점,개인석,30대,평일,277,2400,5,Y,3,KRW
RSV00132,강남점,오픈석,30대,평일,113,1400,3,N,3,KRW
RSV00133,강남점,개인석,40대이상,주말,177,2500,2,N,4,KRW
RSV00134,홍대점,스터디룸,20대,주말,235,5500,6,N,3,KRW
RSV00135,잠실점,스터디룸,20대,평일,180,6100,7,Y,3,KRW
RSV00136,홍대점,오픈석,30대,주말,91,1500,8,Y,2,KRW
RSV00137,신촌점,오픈석,30대,평일,239,1500,3,Y,3,KRW
RSV00138,건대점,오픈석,30대,주말,181,1400,6,Y,3,KRW
RSV00139,홍대점,스터디룸,20대,주말,260,6900,6,Y,4,KRW
RSV00140,잠실점,스터디룸,10대,주말,303,6400,8,N,4,KRW
RSV00141,잠실점,개인석,20대,주말,100,2300,6,Y,3,KRW
RSV00142,홍대점,스터디룸,40대이상,평일,279,6100,5,N,3,KRW
RSV00143,신촌점,개인석,20대,주말,480,2400,8,Y,4,KRW
RSV00144,홍대점,개인석,20대,평일,231,2300,10,Y,3,KRW
RSV00145,홍대점,오픈석,20대,주말,355,1400,4,Y,4,KRW
RSV00146,강남점,개인석,20대,주말,321,2600,6,Y,4,KRW
RSV00147,신촌점,오픈석,40대이상,주말,270,1400,4,N,3,KRW
RSV00148,신촌점,스터디룸,30대,평일,316,6300,2,N,4,KRW
RSV00149,강남점,스터디룸,30대,주말,365,6300,6,Y,4,KRW
RSV00150,홍대점,개인석,20대,평일,332,2700,4,Y,4,KRW
RSV00151,잠실점,오픈석,30대,평일,93,1400,5,Y,3,KRW
RSV00152,강남점,오픈석,20대,주말,320,1500,7,N,4,KRW
RSV00153,강남점,오픈석,30대,평일,155,1600,4,N,3,KRW
RSV00154,신촌점,오픈석,20대,주말,348,1500,5,N,4,KRW
RSV00155,잠실점,오픈석,20대,평일,225,1400,9,Y,4,KRW
RSV00156,강남점,스터디룸,30대,평일,122,6500,7,Y,4,KRW
RSV00157,건대점,개인석,40대이상,주말,385,2500,3,Y,5,KRW
RSV00158,건대점,오픈석,10대,평일,118,1600,4,N,3,KRW
RSV00159,강남점,오픈석,30대,평일,151,1400,7,N,3,KRW
RSV00160,건대점,개인석,20대,주말,427,2300,2,N,3,KRW
RSV00161,홍대점,개인석,20대,평일,205,2400,3,Y,4,KRW
RSV00162,신촌점,개인석,10대,평일,163,2500,5,Y,3,KRW
RSV00163,신촌점,스터디룸,20대,평일,200,5700,1,N,5,KRW
RSV00164,신촌점,개인석,20대,주말,186,2500,3,Y,3,KRW
RSV00165,강남점,스터디룸,10대,주말,317,5500,5,Y,4,KRW
RSV00166,건대점,스터디룸,20대,주말,203,5700,8,Y,4,KRW
RSV00167,홍대점,오픈석,40대이상,평일,173,1600,4,Y,3,KRW
RSV00168,강남점,스터디룸,10대,주말,290,6200,4,Y,4,KRW
RSV00169,강남점,오픈석,30대,주말,247,1500,4,N,4,KRW
RSV00170,신촌점,스터디룸,20대,주말,178,5700,7,Y,5,KRW
RSV00171,건대점,오픈석,30대,평일,263,1400,6,N,4,KRW
RSV00172,강남점,스터디룸,20대,주말,190,5900,5,Y,3,KRW
RSV00173,신촌점,스터디룸,20대,주말,158,6200,3,N,3,KRW
RSV00174,강남점,스터디룸,20대,평일,99,6300,6,Y,4,KRW
RSV00175,신촌점,스터디룸,10대,평일,191,5900,7,Y,3,KRW
RSV00176,강남점,오픈석,20대,주말,101,1400,3,Y,3,KRW
RSV00177,건대점,오픈석,30대,평일,115,1500,5,Y,3,KRW
RSV00178,홍대점,오픈석,40대이상,주말,200,1400,3,N,4,KRW
RSV00179,잠실점,오픈석,30대,주말,332,1400,4,N,4,KRW
RSV00180,강남점,개인석,30대,평일,168,2700,7,N,3,KRW
RSV00181,홍대점,오픈석,10대,평일,83,1600,4,Y,4,KRW
RSV00182,강남점,스터디룸,20대,평일,197,6000,2,N,4,KRW
RSV00183,잠실점,개인석,20대,주말,341,2300,4,Y,4,KRW
RSV00184,잠실점,스터디룸,20대,평일,181,6100,8,Y,3,KRW
RSV00185,홍대점,오픈석,20대,주말,359,1600,7,Y,3,KRW
RSV00186,건대점,스터디룸,20대,평일,205,5900,2,N,4,KRW
RSV00187,건대점,스터디룸,20대,평일,280,6400,4,Y,3,KRW
RSV00188,신촌점,개인석,20대,평일,212,2700,8,Y,3,KRW
RSV00189,신촌점,개인석,30대,평일,341,2700,5,Y,4,KRW
RSV00190,강남점,개인석,30대,주말,480,2500,4,Y,5,KRW
RSV00191,강남점,오픈석,20대,평일,138,1600,1,N,3,KRW
RSV00192,잠실점,개인석,40대이상,평일,206,2700,7,Y,5,KRW
RSV00193,잠실점,오픈석,40대이상,평일,307,1500,5,Y,4,KRW
RSV00194,신촌점,오픈석,20대,평일,201,1400,7,Y,3,KRW
RSV00195,홍대점,오픈석,20대,평일,67,1500,7,Y,3,KRW
RSV00196,홍대점,오픈석,20대,주말,177,1500,3,N,3,KRW
RSV00197,건대점,오픈석,40대이상,평일,200,1400,6,Y,3,KRW
RSV00198,잠실점,오픈석,40대이상,평일,371,1500,5,Y,3,KRW
RSV00199,잠실점,스터디룸,10대,평일,216,6300,7,Y,3,KRW
RSV00200,건대점,개인석,20대,주말,151,2200,5,N,4,KRW
RSV00201,신촌점,스터디룸,20대,평일,232,6500,5,N,4,KRW
RSV00202,강남점,개인석,20대,평일,367,2700,3,N,4,KRW
RSV00203,강남점,오픈석,20대,주말,153,1500,6,N,3,KRW
RSV00204,잠실점,개인석,40대이상,평일,151,2600,6,N,3,KRW
RSV00205,신촌점,개인석,30대,평일,144,2500,4,Y,4,KRW
RSV00206,강남점,오픈석,30대,평일,89,1600,5,Y,3,KRW
RSV00207,강남점,개인석,40대이상,주말,222,2600,6,N,3,KRW
RSV00208,건대점,오픈석,30대,평일,171,1400,7,Y,2,KRW
RSV00209,강남점,개인석,20대,주말,111,2600,6,N,4,KRW
RSV00210,강남점,개인석,30대,평일,130,2500,8,N,4,KRW
RSV00211,신촌점,오픈석,20대,평일,194,1500,6,Y,3,KRW
RSV00212,건대점,오픈석,30대,평일,247,1400,3,Y,3,KRW
RSV00213,건대점,스터디룸,20대,평일,311,6500,8,Y,5,KRW
RSV00214,강남점,개인석,30대,주말,297,2700,2,Y,4,KRW
RSV00215,건대점,오픈석,20대,평일,177,1400,6,Y,3,KRW
RSV00216,강남점,스터디룸,10대,평일,112,5600,7,Y,4,KRW
RSV00217,홍대점,오픈석,20대,평일,157,1500,5,Y,3,KRW
RSV00218,건대점,개인석,10대,주말,90,2600,5,Y,3,KRW
RSV00219,신촌점,스터디룸,30대,평일,225,6100,5,Y,2,KRW
RSV00220,건대점,오픈석,30대,주말,150,1600,1,N,3,KRW
RSV00221,건대점,오픈석,20대,평일,59,1600,7,Y,3,KRW
RSV00222,신촌점,오픈석,20대,평일,213,1600,4,N,3,KRW
RSV00223,강남점,오픈석,10대,평일,350,1500,4,N,4,KRW
RSV00224,홍대점,오픈석,10대,평일,76,1400,6,N,3,KRW
RSV00225,홍대점,개인석,20대,평일,237,2500,6,Y,4,KRW
RSV00226,강남점,오픈석,40대이상,평일,144,1600,4,Y,2,KRW
RSV00227,잠실점,개인석,20대,주말,158,2500,3,N,4,KRW
RSV00228,홍대점,스터디룸,20대,주말,173,6200,4,N,4,KRW
RSV00229,잠실점,스터디룸,10대,주말,199,5900,4,N,4,KRW
RSV00230,신촌점,개인석,20대,평일,159,2300,5,Y,4,KRW
RSV00231,건대점,오픈석,20대,평일,173,1500,2,N,3,KRW
RSV00232,신촌점,개인석,30대,평일,128,2500,7,N,3,KRW
RSV00233,신촌점,개인석,20대,주말,164,2400,7,Y,3,KRW
RSV00234,신촌점,개인석,10대,주말,272,2500,6,Y,4,KRW
RSV00235,강남점,오픈석,20대,평일,108,1400,6,N,3,KRW
RSV00236,건대점,스터디룸,20대,평일,231,6300,4,N,4,KRW
RSV00237,홍대점,개인석,20대,평일,163,2500,2,N,3,KRW
RSV00238,강남점,오픈석,40대이상,평일,133,1600,1,Y,3,KRW
RSV00239,신촌점,오픈석,30대,평일,408,1700,4,N,5,KRW
RSV00240,강남점,오픈석,20대,평일,90,1500,2,Y,2,KRW
RSV00241,잠실점,스터디룸,20대,주말,417,5700,5,Y,5,KRW
RSV00242,잠실점,개인석,20대,평일,280,2200,2,N,4,KRW
RSV00243,잠실점,개인석,20대,평일,142,2300,5,Y,3,KRW
RSV00244,홍대점,오픈석,30대,주말,294,1400,6,N,3,KRW
RSV00245,강남점,오픈석,30대,평일,43,1600,8,Y,3,KRW
RSV00246,잠실점,개인석,20대,평일,136,2500,8,Y,2,KRW
RSV00247,홍대점,오픈석,20대,평일,108,1500,5,N,3,KRW
RSV00248,잠실점,오픈석,20대,평일,214,1300,4,N,3,KRW
RSV00249,잠실점,개인석,40대이상,평일,264,2300,4,Y,3,KRW
RSV00250,잠실점,오픈석,30대,주말,237,1600,6,Y,3,KRW
RSV00251,홍대점,개인석,20대,평일,203,2500,8,Y,4,KRW
RSV00252,홍대점,오픈석,10대,평일,278,1500,3,N,4,KRW
RSV00253,잠실점,오픈석,30대,주말,283,1600,6,Y,3,KRW
RSV00254,홍대점,오픈석,10대,평일,125,1700,8,Y,3,KRW
RSV00255,강남점,스터디룸,20대,주말,188,5900,5,Y,4,KRW
RSV00256,신촌점,스터디룸,10대,주말,306,6000,3,N,5,KRW
RSV00257,잠실점,스터디룸,30대,평일,202,6100,6,N,3,KRW
RSV00258,건대점,개인석,20대,주말,218,2900,6,Y,4,KRW
RSV00259,신촌점,오픈석,20대,평일,190,1300,4,Y,3,KRW
RSV00260,강남점,개인석,40대이상,주말,109,2600,9,Y,3,KRW
RSV00261,신촌점,개인석,20대,평일,138,2500,3,N,3,KRW
RSV00262,잠실점,스터디룸,20대,주말,278,6200,5,Y,4,KRW
RSV00263,강남점,오픈석,20대,주말,147,1400,5,Y,2,KRW
RSV00264,신촌점,개인석,10대,평일,171,2500,7,Y,3,KRW
RSV00265,잠실점,오픈석,30대,평일,223,1600,5,Y,2,KRW
RSV00266,건대점,오픈석,10대,주말,311,1800,2,N,3,KRW
RSV00267,건대점,개인석,20대,주말,343,2600,3,N,4,KRW
RSV00268,건대점,개인석,20대,평일,327,2400,7,Y,5,KRW
RSV00269,홍대점,오픈석,30대,주말,189,1500,6,Y,5,KRW
RSV00270,홍대점,오픈석,30대,평일,155,1500,9,Y,3,KRW
RSV00271,건대점,개인석,20대,평일,110,2200,5,N,3,KRW
RSV00272,건대점,스터디룸,10대,평일,381,5900,5,N,3,KRW
RSV00273,잠실점,스터디룸,30대,평일,182,6200,5,N,4,KRW
RSV00274,잠실점,스터디룸,20대,주말,402,5600,4,N,4,KRW
RSV00275,신촌점,스터디룸,30대,평일,234,6300,4,N,4,KRW
RSV00276,신촌점,오픈석,30대,주말,317,1500,8,N,4,KRW
RSV00277,건대점,개인석,30대,평일,185,2400,4,Y,4,KRW
RSV00278,신촌점,개인석,20대,평일,249,2500,4,Y,3,KRW
RSV00279,건대점,오픈석,20대,평일,297,1700,7,Y,3,KRW
RSV00280,건대점,스터디룸,30대,평일,166,6200,4,Y,4,KRW
RSV00281,잠실점,오픈석,20대,평일,313,1500,4,N,4,KRW
RSV00282,홍대점,스터디룸,20대,평일,131,5900,3,Y,4,KRW
RSV00283,홍대점,개인석,40대이상,평일,417,2500,6,N,3,KRW
RSV00284,강남점,개인석,40대이상,평일,205,2400,6,Y,4,KRW
RSV00285,신촌점,개인석,20대,평일,139,2200,7,Y,4,KRW
RSV00286,강남점,스터디룸,10대,평일,292,6600,4,N,4,KRW
RSV00287,홍대점,개인석,20대,주말,249,2500,7,N,3,KRW
RSV00288,신촌점,개인석,30대,주말,110,2600,3,N,3,KRW
RSV00289,홍대점,오픈석,40대이상,평일,144,1500,5,N,3,KRW
RSV00290,신촌점,개인석,20대,평일,119,2400,10,Y,3,KRW
RSV00291,강남점,오픈석,10대,평일,108,1500,5,N,3,KRW
RSV00292,강남점,개인석,40대이상,주말,147,2300,5,Y,4,KRW
RSV00293,건대점,개인석,20대,평일,243,2800,2,Y,3,KRW
RSV00294,홍대점,개인석,20대,평일,288,2300,1,N,4,KRW
RSV00295,강남점,오픈석,40대이상,평일,118,1400,5,N,3,KRW
RSV00296,신촌점,오픈석,10대,평일,62,1500,3,Y,3,KRW
RSV00297,건대점,개인석,30대,평일,65,2700,5,N,3,KRW
RSV00298,강남점,오픈석,10대,주말,476,1500,3,N,4,KRW
RSV00299,신촌점,오픈석,20대,평일,191,1400,4,N,3,KRW
RSV00300,강남점,오픈석,30대,평일,263,1600,5,Y,4,KRW
RSV00301,강남점,스터디룸,20대,평일,190,6200,5,Y,4,KRW
RSV00302,신촌점,개인석,40대이상,평일,72,2600,5,N,1,KRW
RSV00303,신촌점,오픈석,20대,주말,242,1600,5,Y,4,KRW
RSV00304,신촌점,오픈석,20대,평일,380,1700,5,Y,3,KRW
RSV00305,건대점,오픈석,20대,주말,152,1700,7,Y,3,KRW
RSV00306,잠실점,스터디룸,20대,평일,84,5800,6,Y,2,KRW
RSV00307,신촌점,개인석,20대,평일,110,2700,5,Y,4,KRW
RSV00308,홍대점,오픈석,10대,주말,295,1500,7,Y,4,KRW
RSV00309,건대점,오픈석,20대,평일,208,1500,3,N,3,KRW
RSV00310,홍대점,오픈석,20대,주말,338,1300,7,Y,4,KRW
RSV00311,홍대점,개인석,30대,평일,192,2500,5,Y,4,KRW
RSV00312,강남점,개인석,30대,주말,287,2400,3,N,4,KRW
RSV00313,강남점,오픈석,30대,평일,142,1600,11,Y,3,KRW
RSV00314,잠실점,오픈석,10대,평일,98,1600,5,Y,3,KRW
RSV00315,건대점,오픈석,20대,주말,272,1300,6,Y,3,KRW
RSV00316,건대점,스터디룸,30대,주말,327,6000,7,Y,5,KRW
RSV00317,홍대점,오픈석,20대,주말,154,1600,6,N,3,KRW
RSV00318,강남점,개인석,10대,주말,403,2500,3,N,3,KRW
RSV00319,강남점,개인석,30대,주말,408,2600,2,N,4,KRW
RSV00320,홍대점,오픈석,30대,평일,107,1500,5,Y,3,KRW
RSV00321,신촌점,오픈석,20대,평일,109,1500,5,Y,4,KRW
RSV00322,건대점,오픈석,10대,평일,112,1500,8,Y,3,KRW
RSV00323,건대점,개인석,30대,평일,181,2300,3,N,3,KRW
RSV00324,홍대점,스터디룸,20대,평일,175,5700,2,N,3,KRW
RSV00325,잠실점,개인석,30대,평일,103,2600,7,Y,4,KRW
RSV00326,건대점,개인석,30대,평일,129,2500,4,N,3,KRW
RSV00327,신촌점,오픈석,30대,주말,82,1500,2,N,2,KRW
RSV00328,신촌점,스터디룸,20대,평일,92,5900,4,N,3,KRW
RSV00329,홍대점,스터디룸,10대,평일,110,5900,5,Y,4,KRW
RSV00330,강남점,오픈석,30대,평일,438,1600,2,N,4,KRW
RSV00331,홍대점,스터디룸,30대,주말,466,5900,4,N,5,KRW
RSV00332,건대점,개인석,30대,주말,295,2300,6,N,4,KRW
RSV00333,강남점,개인석,20대,평일,144,2600,2,N,3,KRW
RSV00334,강남점,개인석,20대,평일,94,2500,3,N,4,KRW
RSV00335,강남점,스터디룸,40대이상,평일,206,6000,6,Y,4,KRW
RSV00336,강남점,개인석,30대,평일,235,2700,8,Y,4,KRW
RSV00337,잠실점,오픈석,40대이상,평일,119,1500,7,Y,3,KRW
RSV00338,건대점,오픈석,30대,평일,214,1500,2,N,3,KRW
RSV00339,신촌점,스터디룸,20대,평일,124,5600,3,N,3,KRW
RSV00340,강남점,오픈석,30대,평일,131,1500,3,N,3,KRW
RSV00341,신촌점,오픈석,40대이상,주말,180,1600,3,Y,3,KRW
RSV00342,신촌점,개인석,20대,주말,457,2300,9,Y,5,KRW
RSV00343,강남점,개인석,30대,평일,128,2500,8,N,4,KRW
RSV00344,홍대점,개인석,20대,평일,235,2500,3,Y,4,KRW
RSV00345,홍대점,스터디룸,20대,평일,134,6000,3,N,3,KRW
RSV00346,신촌점,오픈석,30대,평일,97,1600,5,N,4,KRW
RSV00347,신촌점,오픈석,20대,주말,144,1500,8,Y,2,KRW
RSV00348,강남점,오픈석,20대,평일,179,1600,9,Y,3,KRW
RSV00349,홍대점,스터디룸,20대,주말,442,5700,4,Y,5,KRW
RSV00350,신촌점,개인석,20대,평일,143,2500,5,N,4,KRW
RSV00351,신촌점,오픈석,20대,주말,298,1500,3,Y,3,KRW
RSV00352,잠실점,스터디룸,20대,평일,458,5700,4,N,4,KRW
RSV00353,건대점,스터디룸,40대이상,주말,256,6300,4,N,5,KRW
RSV00354,강남점,스터디룸,20대,평일,329,6700,8,N,4,KRW
RSV00355,강남점,스터디룸,20대,평일,146,6000,3,N,4,KRW
RSV00356,신촌점,오픈석,10대,평일,217,1600,7,Y,3,KRW
RSV00357,강남점,개인석,30대,평일,260,2500,3,N,4,KRW
RSV00358,신촌점,개인석,20대,주말,126,2400,3,Y,3,KRW
RSV00359,잠실점,스터디룸,30대,주말,165,5500,4,N,5,KRW
RSV00360,신촌점,개인석,30대,주말,191,2400,8,Y,3,KRW
RSV00361,홍대점,스터디룸,30대,평일,150,5600,4,Y,3,KRW
RSV00362,신촌점,개인석,20대,주말,200,2800,3,N,5,KRW
RSV00363,홍대점,오픈석,30대,평일,80,1500,7,Y,3,KRW
RSV00364,신촌점,개인석,20대,평일,421,2400,1,N,5,KRW
RSV00365,잠실점,스터디룸,40대이상,평일,317,6300,3,N,3,KRW
RSV00366,홍대점,스터디룸,30대,평일,480,5700,4,N,5,KRW
RSV00367,잠실점,오픈석,20대,평일,91,1400,4,Y,3,KRW
RSV00368,잠실점,오픈석,20대,평일,221,1500,2,Y,3,KRW
RSV00369,강남점,오픈석,20대,평일,121,1600,5,N,3,KRW
RSV00370,강남점,개인석,30대,주말,137,2600,6,N,2,KRW
RSV00371,강남점,스터디룸,20대,평일,309,6100,4,N,4,KRW
RSV00372,강남점,오픈석,20대,평일,182,1500,2,N,4,KRW
RSV00373,강남점,개인석,20대,평일,161,2600,5,Y,3,KRW
RSV00374,건대점,스터디룸,30대,평일,234,6100,6,Y,4,KRW
RSV00375,강남점,개인석,30대,평일,127,2300,6,Y,3,KRW
RSV00376,홍대점,개인석,30대,평일,125,2500,1,N,3,KRW
RSV00377,건대점,개인석,30대,평일,138,2300,8,Y,4,KRW
RSV00378,강남점,개인석,20대,주말,348,2500,5,Y,4,KRW
RSV00379,건대점,오픈석,10대,평일,295,1500,2,Y,3,KRW
RSV00380,홍대점,개인석,30대,주말,129,2900,9,Y,3,KRW
RSV00381,강남점,개인석,20대,평일,412,2500,4,N,4,KRW
RSV00382,건대점,스터디룸,20대,평일,204,5600,2,N,4,KRW
RSV00383,신촌점,개인석,10대,주말,259,2500,3,N,4,KRW
RSV00384,잠실점,개인석,20대,평일,136,2600,8,Y,3,KRW
RSV00385,건대점,오픈석,10대,평일,179,1700,5,Y,2,KRW
RSV00386,건대점,개인석,40대이상,주말,137,2400,5,N,4,KRW
RSV00387,홍대점,오픈석,20대,평일,117,1300,4,N,3,KRW
RSV00388,강남점,오픈석,20대,주말,292,1600,3,N,3,KRW
RSV00389,건대점,개인석,10대,평일,286,2300,6,Y,4,KRW
RSV00390,건대점,스터디룸,30대,주말,279,5900,3,N,3,KRW
RSV00391,잠실점,오픈석,20대,평일,141,1500,5,N,2,KRW
RSV00392,홍대점,오픈석,40대이상,평일,88,1500,7,N,4,KRW
RSV00393,홍대점,스터디룸,40대이상,평일,357,6200,4,N,4,KRW
RSV00394,건대점,오픈석,20대,평일,281,1400,6,N,3,KRW
RSV00395,홍대점,개인석,40대이상,평일,81,2500,4,Y,3,KRW
RSV00396,잠실점,개인석,40대이상,평일,288,2500,5,N,4,KRW
RSV00397,잠실점,개인석,30대,평일,161,2500,3,N,3,KRW
RSV00398,홍대점,오픈석,30대,평일,249,1500,9,Y,4,KRW
RSV00399,건대점,오픈석,20대,평일,81,1500,5,Y,3,KRW
RSV00400,건대점,스터디룸,20대,주말,179,6300,6,Y,4,KRW
RSV00401,강남점,개인석,10대,평일,200,2600,4,N,3,KRW
RSV00402,잠실점,오픈석,10대,평일,406,1500,5,Y,3,KRW
RSV00403,신촌점,개인석,40대이상,평일,201,2300,7,Y,3,KRW
RSV00404,건대점,오픈석,20대,평일,302,1500,4,N,4,KRW
RSV00405,홍대점,개인석,30대,주말,239,2600,6,Y,4,KRW
RSV00406,잠실점,오픈석,30대,평일,195,1600,7,Y,4,KRW
RSV00407,홍대점,스터디룸,40대이상,주말,285,5800,5,Y,4,KRW
RSV00408,강남점,오픈석,40대이상,평일,171,1400,4,N,3,KRW
RSV00409,잠실점,오픈석,20대,주말,289,1400,6,N,3,KRW
RSV00410,강남점,오픈석,10대,평일,100,1600,3,Y,3,KRW
RSV00411,홍대점,오픈석,20대,주말,197,1600,8,Y,3,KRW
RSV00412,잠실점,스터디룸,10대,평일,454,5900,5,N,4,KRW
RSV00413,잠실점,스터디룸,10대,평일,338,6300,4,N,5,KRW
RSV00414,신촌점,오픈석,20대,평일,207,1500,3,Y,3,KRW
RSV00415,신촌점,개인석,30대,평일,301,2500,3,N,4,KRW
RSV00416,홍대점,개인석,20대,주말,406,2500,3,N,5,KRW
RSV00417,홍대점,스터디룸,20대,평일,92,6200,1,N,3,KRW
RSV00418,홍대점,개인석,30대,평일,168,2500,6,Y,3,KRW
RSV00419,건대점,오픈석,20대,주말,149,1700,5,N,3,KRW
RSV00420,건대점,오픈석,10대,평일,83,1400,2,Y,3,KRW
RSV00421,건대점,개인석,30대,주말,480,2600,4,Y,4,KRW
RSV00422,건대점,오픈석,30대,주말,261,1400,10,Y,3,KRW
RSV00423,강남점,개인석,30대,평일,296,2400,4,N,3,KRW
RSV00424,신촌점,오픈석,10대,주말,152,1500,6,N,3,KRW
RSV00425,강남점,스터디룸,30대,평일,182,6000,8,Y,4,KRW
RSV00426,신촌점,오픈석,30대,평일,176,1800,7,Y,3,KRW
RSV00427,홍대점,개인석,20대,평일,230,2500,5,Y,5,KRW
RSV00428,잠실점,개인석,30대,평일,274,2300,5,Y,4,KRW
RSV00429,홍대점,개인석,40대이상,주말,108,2500,7,N,3,KRW
RSV00430,강남점,오픈석,20대,주말,276,1300,4,N,3,KRW
RSV00431,강남점,개인석,20대,평일,172,2500,3,N,3,KRW
RSV00432,건대점,개인석,40대이상,평일,389,2500,5,N,5,KRW
RSV00433,신촌점,개인석,30대,주말,375,2600,1,N,5,KRW
RSV00434,강남점,개인석,20대,평일,219,2600,6,N,4,KRW
RSV00435,강남점,개인석,30대,평일,195,2400,4,Y,4,KRW
RSV00436,건대점,스터디룸,20대,평일,181,6000,6,N,3,KRW
RSV00437,강남점,오픈석,20대,주말,241,1400,5,N,4,KRW
RSV00438,건대점,스터디룸,20대,평일,356,5700,2,N,5,KRW
RSV00439,건대점,개인석,40대이상,주말,222,2500,10,N,3,KRW
RSV00440,강남점,오픈석,40대이상,주말,157,1400,5,N,3,KRW
RSV00441,강남점,오픈석,20대,평일,180,1500,3,N,4,KRW
RSV00442,잠실점,오픈석,20대,평일,206,1400,7,N,4,KRW
RSV00443,홍대점,스터디룸,20대,주말,152,6200,6,Y,3,KRW
RSV00444,홍대점,개인석,40대이상,평일,100,2800,7,Y,4,KRW
RSV00445,건대점,스터디룸,40대이상,주말,189,5600,7,Y,4,KRW
RSV00446,잠실점,개인석,30대,주말,413,2200,6,Y,4,KRW
RSV00447,잠실점,개인석,30대,평일,331,2500,3,N,4,KRW
RSV00448,건대점,오픈석,30대,주말,101,1500,3,N,3,KRW
RSV00449,홍대점,오픈석,20대,주말,133,1500,5,N,3,KRW
RSV00450,강남점,개인석,10대,주말,297,2400,5,N,4,KRW
RSV00451,건대점,오픈석,20대,평일,143,1500,9,Y,3,KRW
RSV00452,신촌점,오픈석,30대,평일,222,1500,4,N,4,KRW
RSV00453,홍대점,개인석,30대,평일,93,2700,3,N,4,KRW
RSV00454,잠실점,개인석,20대,주말,218,2200,1,N,3,KRW
RSV00455,강남점,스터디룸,40대이상,평일,198,5900,6,Y,4,KRW
RSV00456,신촌점,스터디룸,20대,주말,337,6100,4,N,4,KRW
RSV00457,강남점,개인석,20대,평일,230,2400,4,N,5,KRW
RSV00458,홍대점,개인석,30대,평일,205,2800,2,N,3,KRW
RSV00459,강남점,개인석,30대,평일,85,2400,4,N,3,KRW
RSV00460,강남점,스터디룸,30대,주말,480,6000,5,Y,5,KRW
RSV00461,강남점,오픈석,20대,평일,247,1600,4,Y,3,KRW
RSV00462,신촌점,오픈석,20대,평일,122,1400,1,N,3,KRW
RSV00463,건대점,스터디룸,30대,평일,217,5400,2,N,4,KRW
RSV00464,신촌점,오픈석,20대,주말,170,1500,6,Y,4,KRW
RSV00465,잠실점,개인석,20대,평일,174,2700,4,N,3,KRW
RSV00466,홍대점,개인석,30대,평일,329,2400,2,N,5,KRW
RSV00467,홍대점,오픈석,20대,주말,133,1400,9,N,3,KRW
RSV00468,잠실점,오픈석,30대,주말,278,1600,9,Y,4,KRW
RSV00469,강남점,오픈석,30대,주말,346,1500,2,N,4,KRW
RSV00470,잠실점,오픈석,20대,평일,233,1400,6,Y,3,KRW
RSV00471,강남점,오픈석,10대,평일,163,1500,3,Y,3,KRW
RSV00472,잠실점,스터디룸,30대,주말,172,6200,8,Y,4,KRW
RSV00473,강남점,오픈석,30대,평일,126,1700,2,N,3,KRW
RSV00474,잠실점,개인석,30대,주말,229,2600,4,Y,3,KRW
RSV00475,신촌점,오픈석,30대,평일,181,1600,8,Y,3,KRW
RSV00476,잠실점,스터디룸,30대,평일,299,5800,7,Y,4,KRW
RSV00477,강남점,오픈석,40대이상,평일,81,1400,3,Y,3,KRW
RSV00478,신촌점,개인석,20대,평일,327,2500,4,Y,4,KRW
RSV00479,잠실점,스터디룸,20대,평일,480,6000,5,N,5,KRW
RSV00480,신촌점,스터디룸,20대,평일,201,5700,4,N,4,KRW
RSV00481,신촌점,오픈석,20대,주말,183,1500,5,N,3,KRW
RSV00482,건대점,스터디룸,20대,평일,196,6100,3,N,4,KRW
RSV00483,홍대점,개인석,20대,주말,226,2600,5,N,4,KRW
RSV00484,신촌점,개인석,40대이상,주말,192,2600,4,N,4,KRW
RSV00485,신촌점,오픈석,20대,평일,62,1500,7,Y,3,KRW
RSV00486,잠실점,오픈석,20대,평일,164,1400,8,Y,4,KRW
RSV00487,강남점,개인석,20대,주말,232,2400,4,N,4,KRW
RSV00488,홍대점,개인석,10대,평일,344,2300,5,N,4,KRW
RSV00489,잠실점,개인석,10대,주말,147,2800,3,N,3,KRW
RSV00490,잠실점,개인석,20대,주말,437,2500,3,N,4,KRW
RSV00491,홍대점,개인석,10대,주말,186,2500,5,N,3,KRW
RSV00492,신촌점,오픈석,30대,평일,113,1400,2,Y,3,KRW
RSV00493,홍대점,개인석,40대이상,평일,262,2900,5,N,3,KRW
RSV00494,강남점,오픈석,40대이상,평일,138,1400,4,Y,4,KRW
RSV00495,홍대점,개인석,30대,평일,188,2400,12,Y,3,KRW
RSV00496,홍대점,개인석,20대,주말,219,2600,4,N,4,KRW
RSV00497,신촌점,스터디룸,40대이상,평일,270,6200,5,N,4,KRW
RSV00498,강남점,오픈석,40대이상,평일,170,1600,11,Y,3,KRW
RSV00499,잠실점,오픈석,20대,주말,186,1700,6,Y,3,KRW
RSV00500,잠실점,오픈석,30대,평일,144,1600,4,Y,3,KRW
RSV00501,건대점,오픈석,20대,평일,228,1400,4,Y,3,KRW
RSV00502,신촌점,오픈석,30대,평일,134,1500,4,N,4,KRW
RSV00503,홍대점,스터디룸,40대이상,주말,390,6100,4,N,4,KRW
RSV00504,건대점,오픈석,10대,평일,180,1700,4,N,4,KRW
RSV00505,건대점,오픈석,40대이상,주말,97,1400,2,N,2,KRW
RSV00506,강남점,개인석,30대,평일,221,2700,5,Y,3,KRW
RSV00507,잠실점,개인석,40대이상,주말,264,2500,7,Y,4,KRW
RSV00508,건대점,스터디룸,20대,주말,392,6300,4,Y,4,KRW
RSV00509,잠실점,오픈석,30대,평일,120,1500,5,N,3,KRW
RSV00510,건대점,개인석,10대,평일,126,2400,4,N,3,KRW
RSV00511,신촌점,오픈석,20대,평일,244,1600,5,N,4,KRW
RSV00512,홍대점,오픈석,10대,주말,334,1600,5,Y,4,KRW
RSV00513,잠실점,스터디룸,40대이상,평일,147,6300,7,Y,3,KRW
RSV00514,잠실점,오픈석,30대,평일,203,1500,4,N,3,KRW
RSV00515,강남점,개인석,40대이상,평일,187,2400,7,Y,4,KRW
RSV00516,강남점,오픈석,40대이상,평일,120,1300,4,N,2,KRW
RSV00517,홍대점,오픈석,10대,평일,166,1600,1,N,3,KRW
RSV00518,건대점,스터디룸,20대,평일,327,6100,7,Y,4,KRW
RSV00519,잠실점,오픈석,10대,평일,180,1400,5,N,4,KRW
RSV00520,강남점,개인석,20대,주말,202,2400,8,Y,3,KRW
RSV00521,신촌점,스터디룸,20대,주말,293,5900,5,N,4,KRW
RSV00522,홍대점,개인석,20대,평일,326,2300,8,Y,4,KRW
RSV00523,잠실점,스터디룸,20대,주말,161,5800,2,N,3,KRW
RSV00524,건대점,오픈석,10대,주말,232,1400,3,N,4,KRW
RSV00525,건대점,오픈석,20대,주말,172,1500,2,N,3,KRW
RSV00526,홍대점,오픈석,10대,평일,181,1400,5,Y,3,KRW
RSV00527,홍대점,개인석,40대이상,평일,262,2300,8,Y,3,KRW
RSV00528,홍대점,스터디룸,30대,평일,183,6600,3,N,4,KRW
RSV00529,강남점,오픈석,40대이상,주말,194,1600,3,Y,3,KRW
RSV00530,잠실점,개인석,20대,평일,300,2400,10,N,4,KRW
RSV00531,건대점,오픈석,20대,평일,221,1500,5,N,4,KRW
RSV00532,잠실점,개인석,30대,평일,182,2600,4,N,3,KRW
RSV00533,잠실점,개인석,20대,평일,205,2700,10,N,3,KRW
RSV00534,신촌점,스터디룸,20대,평일,213,5800,3,N,4,KRW
RSV00535,건대점,개인석,20대,평일,84,2700,4,N,2,KRW
RSV00536,잠실점,오픈석,10대,평일,191,1400,4,N,4,KRW
RSV00537,건대점,오픈석,20대,평일,90,1400,3,N,2,KRW
RSV00538,강남점,오픈석,20대,주말,332,1600,3,N,4,KRW
RSV00539,홍대점,오픈석,30대,주말,114,1600,7,N,3,KRW
RSV00540,강남점,오픈석,10대,주말,168,1800,2,Y,4,KRW
RSV00541,잠실점,스터디룸,20대,주말,185,5600,11,Y,4,KRW
RSV00542,신촌점,개인석,30대,평일,380,2600,5,N,4,KRW
RSV00543,강남점,개인석,10대,평일,315,2400,5,N,3,KRW
RSV00544,건대점,오픈석,20대,주말,78,1600,5,N,2,KRW
RSV00545,신촌점,스터디룸,40대이상,평일,206,5600,2,N,4,KRW
RSV00546,홍대점,개인석,20대,평일,112,2300,7,Y,4,KRW
RSV00547,강남점,오픈석,10대,평일,192,1400,4,Y,2,KRW
RSV00548,건대점,개인석,20대,평일,260,2500,3,N,5,KRW
RSV00549,신촌점,개인석,20대,평일,215,2400,3,N,4,KRW
RSV00550,건대점,오픈석,20대,평일,252,1600,3,N,3,KRW
RSV00551,신촌점,개인석,30대,평일,170,2700,7,N,3,KRW
RSV00552,잠실점,개인석,10대,주말,243,2600,11,Y,3,KRW
RSV00553,신촌점,오픈석,20대,평일,248,1700,4,Y,3,KRW
RSV00554,신촌점,스터디룸,20대,평일,170,6100,5,Y,4,KRW
RSV00555,잠실점,스터디룸,10대,평일,143,5600,4,Y,4,KRW
RSV00556,홍대점,개인석,30대,주말,166,2700,5,N,3,KRW
RSV00557,강남점,개인석,20대,평일,181,2400,3,N,4,KRW
RSV00558,강남점,오픈석,20대,평일,178,1600,10,Y,3,KRW
RSV00559,건대점,개인석,10대,평일,224,2700,7,Y,4,KRW
RSV00560,신촌점,개인석,20대,평일,135,2600,4,N,3,KRW
RSV00561,건대점,오픈석,20대,주말,276,1400,5,Y,4,KRW
RSV00562,강남점,개인석,30대,주말,448,2400,3,N,4,KRW
RSV00563,강남점,스터디룸,10대,평일,160,6400,4,N,4,KRW
RSV00564,강남점,개인석,20대,평일,480,2500,6,Y,4,KRW
RSV00565,홍대점,오픈석,20대,주말,462,1500,3,N,4,KRW
RSV00566,신촌점,스터디룸,30대,평일,208,6200,5,Y,4,KRW
RSV00567,홍대점,오픈석,20대,평일,164,1600,3,N,4,KRW
RSV00568,홍대점,오픈석,30대,평일,125,1500,6,N,3,KRW
RSV00569,잠실점,오픈석,30대,주말,295,1500,4,N,3,KRW
RSV00570,홍대점,오픈석,40대이상,평일,184,1500,5,N,4,KRW
RSV00571,신촌점,개인석,20대,평일,209,2600,6,Y,4,KRW
RSV00572,건대점,개인석,20대,주말,154,2600,2,N,3,KRW
RSV00573,홍대점,오픈석,30대,평일,274,1500,4,N,3,KRW
RSV00574,신촌점,스터디룸,40대이상,평일,187,6300,4,Y,4,KRW
RSV00575,잠실점,스터디룸,40대이상,주말,156,6000,3,N,4,KRW
RSV00576,잠실점,스터디룸,20대,평일,201,5700,6,Y,4,KRW
RSV00577,강남점,오픈석,20대,평일,117,1400,3,N,3,KRW
RSV00578,잠실점,개인석,20대,평일,352,2400,7,N,4,KRW
RSV00579,신촌점,스터디룸,30대,평일,464,5900,3,Y,5,KRW
RSV00580,홍대점,스터디룸,20대,평일,203,6400,4,Y,4,KRW
RSV00581,홍대점,오픈석,20대,평일,296,1400,7,Y,3,KRW
RSV00582,잠실점,오픈석,30대,평일,292,1500,7,Y,3,KRW
RSV00583,신촌점,개인석,20대,주말,79,2400,3,N,3,KRW
RSV00584,홍대점,스터디룸,40대이상,평일,156,5900,4,N,4,KRW
RSV00585,신촌점,개인석,20대,평일,203,2300,4,Y,4,KRW
RSV00586,강남점,개인석,20대,평일,157,2500,7,N,3,KRW
RSV00587,강남점,오픈석,20대,주말,146,1500,1,N,2,KRW
RSV00588,강남점,개인석,30대,평일,317,2600,2,N,4,KRW
RSV00589,강남점,스터디룸,10대,평일,169,6100,8,Y,4,KRW
RSV00590,강남점,오픈석,20대,평일,209,1400,7,Y,3,KRW
RSV00591,강남점,스터디룸,40대이상,평일,319,6300,3,Y,5,KRW
RSV00592,신촌점,스터디룸,20대,평일,377,6100,8,Y,4,KRW
RSV00593,강남점,오픈석,20대,주말,126,1500,3,N,2,KRW
RSV00594,홍대점,개인석,20대,평일,121,2500,8,N,4,KRW
RSV00595,잠실점,오픈석,20대,평일,198,1400,5,N,3,KRW
RSV00596,신촌점,스터디룸,30대,평일,92,6100,3,Y,3,KRW
RSV00597,건대점,개인석,20대,주말,148,2600,7,Y,4,KRW
RSV00598,강남점,개인석,20대,평일,334,2200,4,Y,4,KRW
RSV00599,강남점,스터디룸,20대,평일,271,5800,5,N,4,KRW
RSV00600,강남점,오픈석,30대,평일,166,1500,2,N,3,KRW
RSV00601,강남점,스터디룸,10대,평일,254,6100,4,Y,4,KRW
RSV00602,홍대점,개인석,20대,평일,265,2700,5,N,4,KRW
RSV00603,강남점,오픈석,20대,평일,85,1400,4,Y,3,KRW
RSV00604,강남점,개인석,20대,평일,153,2400,3,Y,3,KRW
RSV00605,강남점,스터디룸,20대,평일,371,5800,6,Y,5,KRW
RSV00606,홍대점,오픈석,20대,평일,199,1400,2,N,4,KRW
RSV00607,강남점,스터디룸,30대,평일,235,5900,3,Y,5,KRW
RSV00608,홍대점,스터디룸,20대,평일,203,6200,2,N,3,KRW
RSV00609,신촌점,오픈석,40대이상,주말,94,1400,7,N,4,KRW
RSV00610,건대점,스터디룸,40대이상,주말,184,6100,2,N,4,KRW
RSV00611,강남점,오픈석,20대,주말,242,1300,3,N,3,KRW
RSV00612,건대점,오픈석,10대,주말,165,1400,7,N,3,KRW
RSV00613,신촌점,오픈석,20대,평일,103,1500,4,Y,3,KRW
RSV00614,강남점,스터디룸,30대,주말,165,6500,3,N,3,KRW
RSV00615,잠실점,개인석,20대,평일,360,2500,4,Y,4,KRW
RSV00616,잠실점,오픈석,10대,평일,136,1300,3,N,4,KRW
RSV00617,강남점,개인석,20대,평일,325,2200,9,Y,5,KRW
RSV00618,홍대점,개인석,30대,평일,221,2500,14,Y,4,KRW
RSV00619,건대점,오픈석,30대,주말,182,1600,4,N,3,KRW
RSV00620,건대점,스터디룸,20대,평일,148,6100,7,Y,4,KRW
RSV00621,강남점,스터디룸,30대,평일,275,6100,1,N,4,KRW
RSV00622,강남점,개인석,20대,주말,331,2700,5,Y,4,KRW
RSV00623,홍대점,스터디룸,20대,평일,287,5800,4,Y,3,KRW
RSV00624,신촌점,오픈석,40대이상,평일,89,1600,2,Y,3,KRW
RSV00625,신촌점,스터디룸,20대,주말,191,5500,4,Y,4,KRW
RSV00626,홍대점,개인석,20대,평일,159,2400,4,Y,4,KRW
RSV00627,홍대점,개인석,10대,평일,78,2200,7,N,3,KRW
RSV00628,건대점,오픈석,40대이상,평일,222,1500,7,Y,3,KRW
RSV00629,강남점,스터디룸,30대,평일,268,6000,4,Y,4,KRW
RSV00630,홍대점,개인석,30대,주말,274,2500,5,N,3,KRW
RSV00631,건대점,오픈석,30대,평일,215,1500,8,N,4,KRW
RSV00632,잠실점,오픈석,20대,평일,150,1400,4,Y,3,KRW
RSV00633,신촌점,개인석,20대,평일,131,2500,7,Y,3,KRW
RSV00634,신촌점,개인석,20대,평일,165,2300,5,N,3,KRW
RSV00635,강남점,개인석,10대,주말,247,2700,6,Y,3,KRW
RSV00636,홍대점,스터디룸,20대,평일,355,5900,3,N,4,KRW
RSV00637,신촌점,오픈석,40대이상,평일,184,1500,7,Y,2,KRW
RSV00638,강남점,개인석,10대,평일,196,2700,7,N,3,KRW
RSV00639,홍대점,오픈석,20대,주말,91,1400,3,N,3,KRW
RSV00640,홍대점,스터디룸,20대,주말,269,5700,3,N,4,KRW
RSV00641,강남점,스터디룸,20대,평일,367,5700,3,N,3,KRW
RSV00642,홍대점,개인석,40대이상,평일,182,2500,5,Y,4,KRW
RSV00643,강남점,개인석,20대,평일,176,2600,6,Y,4,KRW
RSV00644,홍대점,오픈석,20대,주말,170,1600,4,N,3,KRW
RSV00645,강남점,개인석,30대,평일,264,2900,2,N,4,KRW
RSV00646,잠실점,스터디룸,20대,주말,119,5300,7,Y,4,KRW
RSV00647,신촌점,개인석,20대,평일,325,2600,3,N,4,KRW
RSV00648,건대점,오픈석,20대,주말,182,1400,8,Y,4,KRW
RSV00649,건대점,개인석,20대,평일,231,2400,6,Y,4,KRW
RSV00650,신촌점,스터디룸,40대이상,평일,289,5800,4,N,3,KRW
RSV00651,강남점,오픈석,30대,평일,109,1400,4,Y,3,KRW
RSV00652,신촌점,오픈석,20대,평일,175,1700,5,Y,3,KRW
RSV00653,신촌점,개인석,30대,주말,196,2600,5,Y,3,KRW
RSV00654,건대점,스터디룸,20대,주말,152,6000,4,N,3,KRW
RSV00655,홍대점,오픈석,10대,주말,315,1600,6,N,4,KRW
RSV00656,강남점,오픈석,20대,평일,149,1300,4,N,3,KRW
RSV00657,홍대점,오픈석,20대,평일,95,1400,7,N,3,KRW
RSV00658,홍대점,오픈석,20대,주말,205,1300,6,Y,4,KRW
RSV00659,신촌점,개인석,30대,평일,97,2400,5,Y,4,KRW
RSV00660,신촌점,개인석,40대이상,평일,155,2500,3,N,4,KRW
RSV00661,홍대점,개인석,20대,평일,220,2500,6,Y,4,KRW
RSV00662,잠실점,개인석,20대,평일,93,2500,6,N,3,KRW
RSV00663,신촌점,오픈석,10대,평일,241,1400,7,Y,3,KRW
RSV00664,강남점,스터디룸,10대,평일,215,6200,4,N,4,KRW
RSV00665,강남점,개인석,20대,평일,274,2500,9,Y,4,KRW
RSV00666,강남점,스터디룸,20대,주말,313,6200,7,Y,4,KRW
RSV00667,강남점,개인석,30대,평일,152,2200,6,N,4,KRW
RSV00668,강남점,오픈석,20대,평일,139,1500,5,N,2,KRW
RSV00669,강남점,개인석,10대,평일,239,2300,5,N,4,KRW
RSV00670,홍대점,오픈석,20대,주말,126,1500,10,Y,3,KRW
RSV00671,강남점,개인석,20대,평일,116,2600,6,Y,4,KRW
RSV00672,잠실점,오픈석,10대,평일,128,1500,9,Y,2,KRW
RSV00673,강남점,오픈석,30대,평일,86,1400,4,N,4,KRW
RSV00674,신촌점,스터디룸,10대,평일,124,6000,6,N,4,KRW
RSV00675,홍대점,오픈석,30대,평일,96,1300,3,Y,3,KRW
RSV00676,잠실점,스터디룸,20대,주말,205,6300,6,N,4,KRW
RSV00677,강남점,오픈석,20대,주말,171,1500,4,N,3,KRW
RSV00678,홍대점,개인석,20대,평일,294,2700,6,N,4,KRW
RSV00679,잠실점,개인석,30대,평일,166,2400,5,Y,3,KRW
RSV00680,잠실점,개인석,20대,주말,208,2400,5,Y,4,KRW
RSV00681,건대점,오픈석,30대,평일,393,1400,7,N,4,KRW
RSV00682,홍대점,오픈석,10대,주말,78,1600,3,Y,3,KRW
RSV00683,강남점,오픈석,30대,평일,195,1400,4,N,2,KRW
RSV00684,건대점,오픈석,20대,주말,182,1600,6,Y,3,KRW
RSV00685,잠실점,개인석,30대,주말,245,2400,8,Y,3,KRW
RSV00686,신촌점,스터디룸,20대,주말,187,5400,4,Y,4,KRW
RSV00687,신촌점,스터디룸,40대이상,주말,205,5800,2,Y,4,KRW
RSV00688,홍대점,개인석,20대,평일,332,2300,4,N,3,KRW
RSV00689,건대점,스터디룸,10대,주말,277,6000,6,Y,4,KRW
RSV00690,강남점,개인석,10대,평일,169,2300,5,Y,3,KRW
RSV00691,홍대점,오픈석,30대,평일,118,1600,6,Y,3,KRW
RSV00692,홍대점,스터디룸,20대,주말,156,6000,3,N,4,KRW
RSV00693,신촌점,개인석,30대,주말,176,2500,3,Y,3,KRW
RSV00694,강남점,개인석,20대,주말,201,2600,6,N,4,KRW
RSV00695,강남점,오픈석,20대,평일,393,1600,5,Y,4,KRW
RSV00696,신촌점,개인석,10대,주말,228,2500,4,N,3,KRW
RSV00697,홍대점,개인석,40대이상,주말,165,2400,11,Y,4,KRW
RSV00698,신촌점,스터디룸,30대,평일,83,5500,6,Y,3,KRW
RSV00699,강남점,개인석,40대이상,평일,131,2400,5,Y,3,KRW
RSV00700,신촌점,오픈석,20대,평일,136,1400,5,N,3,KRW
RSV00701,신촌점,스터디룸,30대,평일,227,6000,7,Y,5,KRW
RSV00702,강남점,오픈석,30대,주말,164,1500,5,N,3,KRW
RSV00703,홍대점,개인석,20대,평일,417,2600,2,N,4,KRW
RSV00704,강남점,오픈석,30대,주말,181,1400,3,N,4,KRW
RSV00705,강남점,개인석,40대이상,주말,324,2500,4,Y,4,KRW
RSV00706,잠실점,스터디룸,40대이상,평일,105,6400,8,Y,4,KRW
RSV00707,홍대점,오픈석,30대,주말,195,1500,5,Y,3,KRW
RSV00708,건대점,스터디룸,20대,평일,146,6000,4,Y,3,KRW
RSV00709,홍대점,오픈석,20대,주말,313,1400,10,Y,4,KRW
RSV00710,건대점,스터디룸,40대이상,평일,173,5800,6,Y,3,KRW
RSV00711,건대점,개인석,10대,주말,362,2400,4,Y,4,KRW
RSV00712,신촌점,스터디룸,30대,평일,269,5800,4,Y,4,KRW
RSV00713,신촌점,오픈석,30대,평일,134,1600,4,N,4,KRW
RSV00714,홍대점,스터디룸,30대,주말,155,5900,6,Y,3,KRW
RSV00715,홍대점,개인석,40대이상,평일,135,2300,4,N,4,KRW
RSV00716,잠실점,오픈석,20대,평일,150,1700,6,Y,3,KRW
RSV00717,건대점,스터디룸,20대,평일,269,6100,6,Y,4,KRW
RSV00718,잠실점,오픈석,10대,주말,198,1400,3,N,3,KRW
RSV00719,강남점,스터디룸,20대,평일,290,5900,3,N,4,KRW
RSV00720,건대점,오픈석,20대,평일,334,1500,3,N,3,KRW
RSV00721,잠실점,개인석,20대,평일,193,2800,2,N,3,KRW
RSV00722,강남점,개인석,30대,평일,120,2300,5,N,4,KRW
RSV00723,강남점,오픈석,40대이상,평일,210,1600,2,Y,3,KRW
RSV00724,건대점,오픈석,20대,평일,425,1600,5,N,3,KRW
RSV00725,신촌점,오픈석,20대,평일,268,1400,9,Y,3,KRW
RSV00726,건대점,개인석,40대이상,평일,217,2500,4,Y,3,KRW
RSV00727,강남점,오픈석,10대,평일,112,1400,4,Y,2,KRW
RSV00728,건대점,개인석,10대,주말,198,2500,4,N,4,KRW
RSV00729,강남점,오픈석,20대,평일,78,1500,6,Y,1,KRW
RSV00730,강남점,오픈석,20대,평일,97,1600,4,N,3,KRW
RSV00731,강남점,개인석,20대,주말,252,2700,5,N,4,KRW
RSV00732,건대점,오픈석,40대이상,평일,70,1400,9,Y,3,KRW
RSV00733,건대점,스터디룸,20대,주말,202,5400,6,N,4,KRW
RSV00734,신촌점,스터디룸,20대,평일,122,6000,6,N,3,KRW
RSV00735,홍대점,개인석,20대,평일,114,2500,2,N,3,KRW
RSV00736,잠실점,개인석,20대,평일,194,2500,6,Y,4,KRW
RSV00737,홍대점,스터디룸,30대,주말,175,5900,8,Y,4,KRW
RSV00738,건대점,오픈석,30대,주말,108,1500,8,Y,4,KRW
RSV00739,홍대점,오픈석,30대,평일,132,1700,3,Y,4,KRW
RSV00740,홍대점,오픈석,20대,평일,82,1500,4,Y,2,KRW
RSV00741,홍대점,스터디룸,40대이상,주말,367,5900,3,Y,5,KRW
RSV00742,홍대점,오픈석,30대,평일,245,1400,4,Y,4,KRW
RSV00743,건대점,개인석,30대,평일,260,2500,8,Y,3,KRW
RSV00744,신촌점,스터디룸,10대,주말,169,6500,4,N,3,KRW
RSV00745,강남점,스터디룸,10대,주말,270,5900,5,Y,4,KRW
RSV00746,잠실점,개인석,20대,평일,207,2500,5,N,3,KRW
RSV00747,홍대점,오픈석,30대,주말,144,1500,8,Y,2,KRW
RSV00748,신촌점,스터디룸,20대,주말,223,6300,2,Y,4,KRW
RSV00749,잠실점,개인석,20대,평일,91,2800,5,Y,3,KRW
RSV00750,신촌점,오픈석,40대이상,평일,101,1500,5,N,3,KRW
RSV00751,강남점,오픈석,40대이상,평일,165,1500,6,N,3,KRW
RSV00752,잠실점,스터디룸,40대이상,주말,191,6000,2,N,4,KRW
RSV00753,신촌점,개인석,20대,주말,246,2100,2,N,4,KRW
RSV00754,홍대점,스터디룸,30대,평일,150,6200,3,N,3,KRW
RSV00755,강남점,스터디룸,20대,주말,200,6000,2,N,3,KRW
RSV00756,건대점,개인석,20대,평일,187,2600,5,N,3,KRW
RSV00757,신촌점,개인석,20대,평일,130,2400,3,N,4,KRW
RSV00758,신촌점,개인석,20대,평일,159,2400,2,Y,4,KRW
RSV00759,잠실점,오픈석,20대,평일,192,1500,4,Y,4,KRW
RSV00760,건대점,개인석,30대,주말,396,2700,3,Y,3,KRW
RSV00761,강남점,스터디룸,10대,평일,146,5900,3,N,4,KRW
RSV00762,홍대점,개인석,30대,주말,176,2800,5,N,4,KRW
RSV00763,강남점,스터디룸,20대,평일,296,6100,6,Y,5,KRW
RSV00764,건대점,개인석,20대,평일,315,2300,2,N,3,KRW
RSV00765,강남점,개인석,20대,주말,265,2500,2,N,4,KRW
RSV00766,신촌점,개인석,20대,평일,311,2400,5,N,4,KRW
RSV00767,건대점,개인석,20대,평일,128,2200,6,N,4,KRW
RSV00768,잠실점,개인석,20대,평일,297,2700,5,N,3,KRW
RSV00769,홍대점,오픈석,20대,주말,274,1600,3,N,3,KRW
RSV00770,건대점,개인석,10대,평일,114,2600,4,Y,3,KRW
RSV00771,강남점,오픈석,20대,평일,147,1500,8,N,3,KRW
RSV00772,건대점,오픈석,40대이상,평일,58,1400,3,Y,2,KRW
RSV00773,강남점,개인석,20대,평일,200,2400,7,Y,3,KRW
RSV00774,홍대점,개인석,30대,주말,319,2600,10,Y,4,KRW
RSV00775,건대점,스터디룸,30대,평일,162,5700,5,N,3,KRW
RSV00776,강남점,개인석,40대이상,평일,119,2100,5,N,3,KRW
RSV00777,강남점,개인석,30대,평일,116,2500,3,N,3,KRW
RSV00778,건대점,개인석,20대,평일,186,2500,4,N,4,KRW
RSV00779,건대점,개인석,30대,주말,264,2500,5,Y,4,KRW
RSV00780,신촌점,오픈석,40대이상,평일,360,1600,4,N,3,KRW
RSV00781,건대점,오픈석,20대,주말,81,1600,3,N,2,KRW
RSV00782,신촌점,오픈석,20대,평일,338,1500,2,N,3,KRW
RSV00783,홍대점,개인석,10대,평일,205,2700,5,N,3,KRW
RSV00784,홍대점,오픈석,30대,주말,297,1300,4,Y,4,KRW
RSV00785,강남점,오픈석,30대,평일,242,1600,5,Y,2,KRW
RSV00786,잠실점,오픈석,10대,주말,201,1600,5,Y,3,KRW
RSV00787,신촌점,스터디룸,20대,주말,228,5600,5,Y,4,KRW
RSV00788,홍대점,오픈석,20대,평일,209,1300,5,Y,3,KRW
RSV00789,홍대점,개인석,10대,평일,167,2400,5,N,2,KRW
RSV00790,잠실점,오픈석,40대이상,주말,183,1400,6,Y,3,KRW
RSV00791,강남점,개인석,20대,평일,245,2600,2,N,3,KRW
RSV00792,신촌점,오픈석,10대,평일,116,1400,7,Y,2,KRW
RSV00793,신촌점,오픈석,20대,평일,285,1400,3,N,4,KRW
RSV00794,신촌점,개인석,30대,평일,289,2400,3,Y,4,KRW
RSV00795,강남점,오픈석,10대,주말,161,1600,6,N,4,KRW
RSV00796,잠실점,오픈석,30대,평일,231,1500,5,N,3,KRW
RSV00797,잠실점,오픈석,20대,평일,217,1500,7,Y,3,KRW
RSV00798,신촌점,오픈석,10대,평일,129,1500,8,Y,4,KRW
RSV00799,건대점,오픈석,20대,평일,240,1600,4,N,4,KRW
RSV00800,잠실점,오픈석,20대,평일,350,1400,1,N,4,KRW
RSV00801,건대점,스터디룸,20대,주말,345,6400,6,Y,4,KRW
RSV00802,강남점,개인석,40대이상,평일,98,2500,11,Y,3,KRW
RSV00803,신촌점,개인석,30대,주말,260,2500,10,Y,4,KRW
RSV00804,신촌점,오픈석,40대이상,주말,292,1800,6,Y,4,KRW
RSV00805,홍대점,스터디룸,20대,평일,155,5700,6,N,3,KRW
RSV00806,건대점,오픈석,40대이상,평일,285,1500,4,N,4,KRW
RSV00807,잠실점,오픈석,20대,평일,118,1400,3,N,3,KRW
RSV00808,잠실점,개인석,20대,평일,166,2600,6,N,4,KRW
RSV00809,홍대점,오픈석,10대,주말,146,1700,5,Y,2,KRW
RSV00810,강남점,오픈석,10대,주말,136,1700,5,Y,3,KRW
RSV00811,잠실점,개인석,30대,평일,224,2700,4,Y,4,KRW
RSV00812,건대점,스터디룸,20대,평일,117,5900,3,N,3,KRW
RSV00813,강남점,개인석,20대,주말,196,2400,4,N,4,KRW
RSV00814,잠실점,개인석,30대,주말,249,2200,7,Y,3,KRW
RSV00815,잠실점,스터디룸,20대,평일,151,6600,9,Y,4,KRW
RSV00816,신촌점,오픈석,20대,평일,310,1500,3,Y,4,KRW
RSV00817,신촌점,오픈석,20대,평일,162,1500,3,N,3,KRW
RSV00818,홍대점,오픈석,30대,주말,403,1600,3,N,4,KRW
RSV00819,강남점,개인석,30대,평일,97,2400,5,N,3,KRW
RSV00820,홍대점,오픈석,20대,평일,213,1500,4,N,4,KRW
RSV00821,건대점,스터디룸,20대,평일,222,5900,5,N,3,KRW
RSV00822,강남점,개인석,20대,평일,158,2600,6,Y,4,KRW
RSV00823,홍대점,개인석,30대,평일,192,2500,7,Y,4,KRW
RSV00824,홍대점,오픈석,20대,주말,253,1400,6,N,3,KRW
RSV00825,신촌점,스터디룸,20대,평일,280,6000,6,Y,3,KRW
RSV00826,잠실점,스터디룸,10대,평일,194,6300,6,Y,3,KRW
RSV00827,홍대점,스터디룸,20대,평일,244,6000,5,N,4,KRW
RSV00828,홍대점,오픈석,20대,평일,115,1600,4,N,3,KRW
RSV00829,건대점,개인석,30대,평일,267,2300,5,Y,4,KRW
RSV00830,홍대점,오픈석,20대,평일,341,1500,8,Y,4,KRW
RSV00831,강남점,오픈석,20대,평일,262,1400,4,N,3,KRW
RSV00832,홍대점,오픈석,30대,평일,121,1600,6,Y,3,KRW
RSV00833,강남점,개인석,30대,평일,121,2500,5,N,3,KRW
RSV00834,강남점,개인석,20대,평일,480,2600,5,Y,4,KRW
RSV00835,신촌점,오픈석,20대,주말,354,1600,3,N,4,KRW
RSV00836,홍대점,오픈석,20대,주말,276,1600,5,N,3,KRW
RSV00837,잠실점,개인석,40대이상,평일,367,2500,7,Y,3,KRW
RSV00838,홍대점,오픈석,10대,평일,174,1400,4,Y,3,KRW
RSV00839,신촌점,오픈석,40대이상,주말,273,1500,5,Y,3,KRW
RSV00840,신촌점,오픈석,30대,평일,308,1400,8,Y,3,KRW
RSV00841,강남점,개인석,20대,주말,192,2400,5,Y,4,KRW
RSV00842,건대점,오픈석,10대,주말,245,1500,5,N,3,KRW
RSV00843,강남점,오픈석,20대,평일,291,1400,5,Y,3,KRW
RSV00844,잠실점,오픈석,20대,평일,103,1300,7,Y,3,KRW
RSV00845,강남점,스터디룸,20대,주말,200,5800,6,N,4,KRW
RSV00846,홍대점,개인석,30대,평일,303,2500,3,Y,3,KRW
RSV00847,강남점,개인석,40대이상,평일,210,2300,2,N,5,KRW
RSV00848,잠실점,오픈석,20대,평일,182,1500,6,N,3,KRW
RSV00849,신촌점,개인석,30대,평일,187,2800,4,N,3,KRW
RSV00850,신촌점,오픈석,10대,주말,328,1600,4,Y,4,KRW
RSV00851,강남점,개인석,20대,주말,148,2700,7,Y,3,KRW
RSV00852,건대점,스터디룸,10대,주말,195,6100,4,N,4,KRW
RSV00853,강남점,개인석,30대,평일,101,2700,3,N,3,KRW
RSV00854,잠실점,스터디룸,40대이상,평일,180,5800,4,Y,4,KRW
RSV00855,강남점,개인석,30대,평일,205,2400,3,N,4,KRW
RSV00856,강남점,오픈석,10대,평일,66,1200,8,Y,3,KRW
RSV00857,강남점,스터디룸,20대,평일,146,6400,4,N,4,KRW
RSV00858,신촌점,오픈석,20대,주말,220,1700,6,Y,4,KRW
RSV00859,신촌점,개인석,20대,주말,259,2400,6,Y,4,KRW
RSV00860,강남점,오픈석,30대,평일,392,1500,5,Y,4,KRW
RSV00861,건대점,오픈석,30대,평일,235,1400,4,Y,4,KRW
RSV00862,홍대점,개인석,30대,평일,176,2600,3,N,3,KRW
RSV00863,신촌점,오픈석,20대,평일,187,1600,4,Y,3,KRW
RSV00864,홍대점,개인석,20대,주말,231,2200,4,Y,4,KRW
RSV00865,홍대점,개인석,10대,평일,155,2600,6,N,3,KRW
RSV00866,신촌점,오픈석,20대,주말,224,1500,8,N,3,KRW
RSV00867,강남점,오픈석,20대,평일,137,1500,8,Y,3,KRW
RSV00868,강남점,개인석,30대,평일,219,2600,8,Y,4,KRW
RSV00869,잠실점,오픈석,30대,주말,196,1500,6,Y,3,KRW
RSV00870,잠실점,개인석,10대,평일,173,2500,5,Y,3,KRW
RSV00871,홍대점,개인석,20대,평일,175,2500,7,Y,4,KRW
RSV00872,홍대점,스터디룸,20대,평일,284,6300,3,Y,3,KRW
RSV00873,신촌점,개인석,20대,평일,257,2600,5,N,4,KRW
RSV00874,홍대점,개인석,30대,주말,194,2500,5,Y,3,KRW
RSV00875,강남점,개인석,10대,평일,264,2300,4,Y,3,KRW
RSV00876,강남점,오픈석,20대,주말,195,1500,3,N,3,KRW
RSV00877,건대점,오픈석,20대,평일,171,1600,4,N,3,KRW
RSV00878,건대점,스터디룸,40대이상,평일,170,6000,8,Y,4,KRW
RSV00879,강남점,개인석,20대,주말,411,2600,2,N,4,KRW
RSV00880,강남점,스터디룸,20대,평일,382,6500,1,N,5,KRW
RSV00881,강남점,스터디룸,20대,평일,156,6300,6,Y,3,KRW
RSV00882,건대점,스터디룸,30대,평일,179,6000,5,Y,4,KRW
RSV00883,강남점,스터디룸,40대이상,평일,241,5800,7,Y,4,KRW
RSV00884,강남점,개인석,20대,평일,246,2100,3,N,3,KRW
RSV00885,건대점,오픈석,40대이상,평일,104,1500,4,N,3,KRW
RSV00886,강남점,개인석,40대이상,평일,127,2500,5,N,3,KRW
RSV00887,건대점,오픈석,40대이상,평일,41,1500,2,N,3,KRW
RSV00888,강남점,개인석,30대,주말,271,2500,2,N,4,KRW
RSV00889,강남점,개인석,30대,평일,98,2500,5,Y,3,KRW
RSV00890,강남점,개인석,20대,주말,166,2200,4,N,4,KRW
RSV00891,건대점,오픈석,30대,평일,268,1400,6,Y,3,KRW
RSV00892,잠실점,오픈석,20대,평일,262,1500,5,N,4,KRW
RSV00893,건대점,개인석,30대,주말,401,2800,8,Y,5,KRW
RSV00894,홍대점,오픈석,20대,평일,422,1500,4,N,4,KRW
RSV00895,건대점,스터디룸,30대,주말,480,6100,2,N,5,KRW
RSV00896,강남점,오픈석,30대,평일,147,1600,7,N,3,KRW
RSV00897,홍대점,오픈석,10대,평일,130,1400,2,N,3,KRW
RSV00898,잠실점,오픈석,30대,평일,216,1500,3,N,4,KRW
RSV00899,강남점,개인석,20대,평일,102,2400,2,Y,2,KRW
RSV00900,강남점,개인석,30대,주말,196,2600,5,Y,3,KRW
RSV00901,강남점,오픈석,20대,평일,190,1500,3,N,3,KRW
RSV00902,강남점,오픈석,20대,주말,249,1500,6,N,3,KRW
RSV00903,강남점,오픈석,40대이상,주말,261,1400,4,N,3,KRW
RSV00904,신촌점,오픈석,20대,평일,154,1600,5,Y,3,KRW
RSV00905,홍대점,개인석,30대,평일,108,2800,7,Y,3,KRW
RSV00906,잠실점,개인석,20대,주말,143,2300,4,N,3,KRW
RSV00907,건대점,오픈석,20대,주말,87,1500,3,N,3,KRW
RSV00908,홍대점,오픈석,20대,평일,133,1500,4,N,3,KRW
RSV00909,홍대점,스터디룸,20대,평일,116,6200,5,N,3,KRW
RSV00910,홍대점,개인석,20대,평일,152,2400,4,N,3,KRW
RSV00911,신촌점,개인석,10대,주말,254,2100,5,Y,4,KRW
RSV00912,홍대점,오픈석,20대,평일,94,1600,5,Y,3,KRW
RSV00913,신촌점,개인석,10대,주말,224,2600,4,Y,3,KRW
RSV00914,홍대점,오픈석,40대이상,평일,153,1300,3,N,3,KRW
RSV00915,신촌점,개인석,40대이상,평일,224,2400,6,Y,4,KRW
RSV00916,홍대점,스터디룸,20대,평일,263,6500,7,N,5,KRW
RSV00917,홍대점,오픈석,30대,평일,148,1600,6,Y,3,KRW
RSV00918,잠실점,오픈석,20대,평일,177,1600,5,N,3,KRW
RSV00919,건대점,오픈석,30대,평일,153,1500,3,N,3,KRW
RSV00920,강남점,오픈석,30대,평일,139,1500,5,Y,3,KRW
RSV00921,잠실점,오픈석,40대이상,평일,123,1500,6,N,4,KRW
RSV00922,신촌점,오픈석,20대,평일,223,1600,2,N,4,KRW
RSV00923,잠실점,개인석,30대,주말,369,2400,6,Y,5,KRW
RSV00924,건대점,개인석,20대,평일,324,2400,2,N,4,KRW
RSV00925,홍대점,오픈석,40대이상,평일,90,1600,2,N,2,KRW
RSV00926,강남점,스터디룸,10대,평일,356,6000,4,Y,4,KRW
RSV00927,홍대점,오픈석,30대,주말,134,1600,5,N,2,KRW
RSV00928,신촌점,스터디룸,30대,평일,220,5800,7,Y,4,KRW
RSV00929,신촌점,오픈석,30대,주말,232,1500,2,N,3,KRW
RSV00930,홍대점,스터디룸,10대,주말,135,5700,4,Y,4,KRW
RSV00931,강남점,개인석,40대이상,평일,177,2500,4,Y,3,KRW
RSV00932,건대점,스터디룸,20대,평일,366,5600,6,Y,5,KRW
RSV00933,잠실점,스터디룸,30대,주말,109,5900,9,Y,3,KRW
RSV00934,신촌점,오픈석,20대,평일,480,1400,2,N,4,KRW
RSV00935,강남점,스터디룸,20대,평일,91,6200,5,Y,3,KRW
RSV00936,홍대점,오픈석,20대,주말,229,1600,2,N,4,KRW
RSV00937,강남점,오픈석,20대,평일,81,1300,3,N,4,KRW
RSV00938,잠실점,오픈석,20대,주말,245,1600,2,Y,3,KRW
RSV00939,강남점,개인석,20대,평일,317,2900,4,N,3,KRW
RSV00940,신촌점,오픈석,20대,주말,287,1500,4,N,3,KRW
RSV00941,홍대점,개인석,30대,평일,298,2400,7,Y,4,KRW
RSV00942,신촌점,개인석,40대이상,평일,169,2900,3,N,3,KRW
RSV00943,건대점,개인석,10대,평일,99,2300,5,N,4,KRW
RSV00944,건대점,스터디룸,20대,주말,390,6000,6,N,5,KRW
RSV00945,강남점,개인석,10대,평일,473,2500,6,Y,4,KRW
RSV00946,강남점,오픈석,10대,평일,185,1600,8,N,3,KRW
RSV00947,강남점,오픈석,30대,평일,145,1500,8,Y,3,KRW
RSV00948,잠실점,오픈석,30대,평일,117,1500,8,N,2,KRW
RSV00949,잠실점,오픈석,20대,평일,253,1400,5,Y,3,KRW
RSV00950,신촌점,오픈석,20대,평일,290,1500,1,N,3,KRW
RSV00951,신촌점,오픈석,10대,평일,145,1400,2,N,3,KRW
RSV00952,건대점,스터디룸,30대,평일,402,6000,4,Y,5,KRW
RSV00953,강남점,개인석,40대이상,평일,258,2400,3,N,5,KRW
RSV00954,잠실점,오픈석,10대,평일,184,1400,5,N,3,KRW
RSV00955,홍대점,개인석,20대,주말,247,2700,8,Y,3,KRW
RSV00956,홍대점,오픈석,40대이상,평일,105,1500,8,Y,3,KRW
RSV00957,신촌점,개인석,40대이상,평일,267,2300,8,Y,3,KRW
RSV00958,강남점,개인석,20대,평일,123,2500,3,Y,4,KRW
RSV00959,강남점,개인석,10대,주말,176,2500,6,N,4,KRW
RSV00960,건대점,오픈석,10대,주말,195,1300,10,N,3,KRW
RSV00961,강남점,스터디룸,20대,주말,475,6100,2,N,5,KRW
RSV00962,신촌점,스터디룸,20대,평일,229,5700,2,N,4,KRW
RSV00963,강남점,개인석,10대,평일,128,2800,2,N,4,KRW
RSV00964,홍대점,개인석,20대,평일,223,2600,3,N,3,KRW
RSV00965,홍대점,개인석,10대,평일,250,2400,2,N,4,KRW
RSV00966,홍대점,오픈석,30대,평일,314,1400,7,Y,4,KRW
RSV00967,건대점,오픈석,20대,주말,199,1500,3,N,3,KRW
RSV00968,홍대점,오픈석,10대,주말,147,1600,7,Y,3,KRW
RSV00969,신촌점,개인석,20대,주말,480,2500,10,Y,5,KRW
RSV00970,신촌점,개인석,20대,평일,223,2500,5,N,3,KRW
RSV00971,건대점,오픈석,40대이상,주말,139,1500,2,N,2,KRW
RSV00972,잠실점,스터디룸,20대,평일,204,5800,5,Y,3,KRW
RSV00973,건대점,스터디룸,20대,평일,166,5900,3,N,4,KRW
RSV00974,강남점,개인석,30대,주말,364,2200,8,Y,4,KRW
RSV00975,강남점,개인석,20대,평일,249,2600,6,Y,3,KRW
RSV00976,홍대점,스터디룸,40대이상,평일,180,6100,8,N,5,KRW
RSV00977,신촌점,오픈석,20대,평일,290,1400,6,N,4,KRW
RSV00978,강남점,스터디룸,20대,주말,222,6600,6,N,4,KRW
RSV00979,신촌점,오픈석,10대,주말,197,1500,8,Y,3,KRW
RSV00980,신촌점,스터디룸,20대,평일,150,5700,4,N,4,KRW
RSV00981,홍대점,오픈석,30대,주말,145,1600,4,N,4,KRW
RSV00982,건대점,스터디룸,30대,평일,480,6100,7,Y,5,KRW
RSV00983,강남점,스터디룸,20대,평일,313,6100,4,Y,5,KRW
RSV00984,강남점,오픈석,20대,주말,92,1500,7,Y,3,KRW
RSV00985,건대점,개인석,30대,주말,147,2600,5,Y,3,KRW
RSV00986,신촌점,스터디룸,40대이상,주말,151,5900,7,Y,3,KRW
RSV00987,건대점,개인석,10대,평일,197,2600,6,N,4,KRW
RSV00988,홍대점,스터디룸,20대,주말,197,5400,8,N,3,KRW
RSV00989,강남점,개인석,20대,평일,372,2400,6,Y,4,KRW
RSV00990,건대점,오픈석,40대이상,주말,174,1700,5,N,3,KRW
RSV00991,건대점,오픈석,10대,평일,437,1400,8,N,4,KRW
RSV00992,건대점,오픈석,20대,주말,194,1400,4,N,4,KRW
RSV00993,홍대점,개인석,30대,평일,480,2400,3,Y,5,KRW
RSV00994,신촌점,오픈석,10대,평일,159,1400,5,Y,3,KRW
RSV00995,홍대점,개인석,20대,평일,176,2200,7,Y,3,KRW
RSV00996,강남점,개인석,20대,평일,295,2500,6,Y,4,KRW
RSV00997,잠실점,개인석,20대,평일,275,2500,3,Y,3,KRW
RSV00998,강남점,스터디룸,20대,주말,143,6000,2,N,3,KRW
RSV00999,잠실점,스터디룸,20대,평일,214,6000,4,Y,4,KRW
RSV01000,홍대점,오픈석,20대,평일,142,1500,9,Y,2,KRW
RSV01001,강남점,스터디룸,20대,평일,167,6300,8,Y,3,KRW
RSV01002,신촌점,개인석,30대,평일,199,2500,4,Y,3,KRW
RSV01003,잠실점,개인석,30대,평일,167,2400,5,N,4,KRW
RSV01004,건대점,스터디룸,20대,평일,224,5900,4,Y,4,KRW
RSV01005,건대점,오픈석,10대,평일,104,1600,1,N,2,KRW
RSV01006,건대점,오픈석,20대,평일,79,1600,5,N,4,KRW
RSV01007,건대점,스터디룸,20대,평일,316,5800,6,N,5,KRW
RSV01008,건대점,개인석,20대,평일,323,2500,6,N,3,KRW
RSV01009,강남점,스터디룸,30대,평일,307,6100,4,N,5,KRW
RSV01010,신촌점,스터디룸,10대,평일,210,5700,3,Y,5,KRW
RSV01011,강남점,오픈석,10대,평일,146,1500,5,N,3,KRW
RSV01012,잠실점,스터디룸,20대,주말,183,5600,8,N,4,KRW
RSV01013,잠실점,개인석,30대,주말,156,2200,1,N,3,KRW
RSV01014,강남점,개인석,20대,주말,209,2600,9,Y,4,KRW
RSV01015,건대점,개인석,30대,평일,319,2400,4,N,4,KRW
RSV01016,잠실점,스터디룸,20대,주말,178,6100,7,Y,3,KRW
RSV01017,강남점,오픈석,40대이상,주말,329,1500,3,N,3,KRW
RSV01018,신촌점,개인석,40대이상,주말,121,2400,2,N,3,KRW
RSV01019,잠실점,개인석,20대,평일,214,2500,5,Y,4,KRW
RSV01020,강남점,개인석,20대,평일,235,2300,6,Y,4,KRW
RSV01021,건대점,개인석,20대,주말,175,2700,1,N,3,KRW
RSV01022,홍대점,오픈석,20대,평일,101,1400,5,Y,2,KRW
RSV01023,잠실점,오픈석,30대,평일,267,1500,5,Y,4,KRW
RSV01024,잠실점,오픈석,30대,평일,180,1400,3,Y,2,KRW
RSV01025,잠실점,스터디룸,30대,평일,480,6200,5,Y,4,KRW
RSV01026,신촌점,오픈석,30대,평일,307,1500,4,N,3,KRW
RSV01027,잠실점,오픈석,20대,평일,308,1400,3,Y,4,KRW
RSV01028,건대점,스터디룸,20대,평일,80,6300,4,N,3,KRW
RSV01029,홍대점,오픈석,30대,평일,124,1500,5,N,3,KRW
RSV01030,건대점,스터디룸,20대,평일,125,6200,8,Y,4,KRW
RSV01031,강남점,개인석,30대,평일,76,2400,6,Y,3,KRW
RSV01032,신촌점,스터디룸,20대,평일,203,5600,8,Y,4,KRW
RSV01033,강남점,오픈석,10대,주말,288,1500,5,N,4,KRW
RSV01034,강남점,오픈석,40대이상,주말,131,1500,5,N,3,KRW
RSV01035,강남점,개인석,20대,평일,78,2600,7,N,2,KRW
RSV01036,건대점,스터디룸,40대이상,평일,140,6000,5,N,4,KRW
RSV01037,홍대점,개인석,40대이상,평일,178,2500,7,N,4,KRW
RSV01038,건대점,오픈석,30대,주말,182,1300,3,Y,4,KRW
RSV01039,강남점,개인석,30대,평일,193,2800,6,Y,3,KRW
RSV01040,홍대점,개인석,20대,평일,233,2500,4,N,3,KRW
RSV01041,신촌점,개인석,40대이상,평일,190,2600,3,Y,3,KRW
RSV01042,건대점,개인석,20대,평일,286,2400,4,Y,2,KRW
RSV01043,홍대점,스터디룸,20대,주말,162,6100,5,N,4,KRW
RSV01044,신촌점,개인석,30대,주말,193,2300,2,N,5,KRW
RSV01045,잠실점,오픈석,20대,평일,236,1500,6,N,4,KRW
RSV01046,신촌점,개인석,20대,평일,218,2400,7,N,3,KRW
RSV01047,강남점,오픈석,20대,평일,411,1500,2,N,4,KRW
RSV01048,강남점,오픈석,20대,평일,109,1600,3,Y,3,KRW
RSV01049,잠실점,오픈석,40대이상,평일,238,1400,3,Y,4,KRW
RSV01050,강남점,오픈석,20대,평일,127,1400,6,Y,4,KRW
RSV01051,잠실점,오픈석,40대이상,평일,120,1500,5,Y,3,KRW
RSV01052,신촌점,오픈석,30대,평일,297,1700,5,Y,4,KRW
RSV01053,잠실점,스터디룸,30대,주말,229,6000,6,Y,4,KRW
RSV01054,건대점,스터디룸,20대,평일,232,6200,7,Y,4,KRW
RSV01055,잠실점,오픈석,30대,주말,157,1500,6,N,3,KRW
RSV01056,홍대점,스터디룸,10대,주말,191,6600,5,N,4,KRW
RSV01057,건대점,개인석,30대,평일,93,2200,3,N,3,KRW
RSV01058,홍대점,오픈석,10대,주말,219,1500,7,Y,2,KRW
RSV01059,신촌점,오픈석,40대이상,평일,102,1300,3,Y,3,KRW
RSV01060,신촌점,개인석,40대이상,평일,179,2100,5,N,3,KRW
RSV01061,잠실점,스터디룸,20대,평일,300,6100,5,Y,4,KRW
RSV01062,잠실점,개인석,20대,주말,108,2500,10,Y,3,KRW
RSV01063,건대점,오픈석,30대,평일,480,1500,4,N,3,KRW
RSV01064,홍대점,오픈석,20대,평일,119,1500,5,Y,2,KRW
RSV01065,홍대점,오픈석,40대이상,주말,192,1800,7,Y,3,KRW
RSV01066,건대점,오픈석,10대,평일,202,1500,2,N,3,KRW
RSV01067,강남점,오픈석,10대,주말,142,1600,7,N,3,KRW
RSV01068,강남점,오픈석,40대이상,주말,163,1400,6,Y,4,KRW
RSV01069,홍대점,스터디룸,30대,주말,357,6100,7,Y,5,KRW
RSV01070,홍대점,스터디룸,30대,주말,311,5900,5,N,4,KRW
RSV01071,홍대점,오픈석,20대,주말,180,1500,4,N,2,KRW
RSV01072,강남점,스터디룸,30대,평일,207,6500,5,Y,4,KRW
RSV01073,강남점,오픈석,20대,주말,215,1600,7,Y,3,KRW
RSV01074,강남점,개인석,30대,평일,248,2500,4,N,4,KRW
RSV01075,잠실점,오픈석,30대,평일,241,1300,4,Y,2,KRW
RSV01076,홍대점,개인석,20대,평일,253,2400,7,N,4,KRW
RSV01077,홍대점,스터디룸,20대,주말,198,6800,5,N,3,KRW
RSV01078,건대점,개인석,20대,주말,227,2500,2,N,3,KRW
RSV01079,강남점,오픈석,30대,주말,311,1600,6,N,4,KRW
RSV01080,잠실점,개인석,20대,평일,480,2700,2,N,3,KRW
RSV01081,건대점,오픈석,30대,평일,184,1500,5,N,3,KRW
RSV01082,강남점,스터디룸,20대,평일,163,5700,6,N,4,KRW
RSV01083,홍대점,개인석,30대,주말,156,2100,7,Y,3,KRW
RSV01084,잠실점,개인석,30대,주말,279,2600,2,N,4,KRW
RSV01085,잠실점,개인석,20대,평일,91,2400,5,N,3,KRW
RSV01086,홍대점,개인석,10대,평일,255,2500,5,Y,3,KRW
RSV01087,신촌점,오픈석,10대,평일,242,1400,6,Y,3,KRW
RSV01088,강남점,개인석,30대,평일,151,2500,4,Y,3,KRW
RSV01089,잠실점,오픈석,30대,주말,224,1500,3,N,3,KRW
RSV01090,강남점,개인석,10대,평일,173,2500,6,N,4,KRW
RSV01091,잠실점,스터디룸,30대,평일,117,5700,8,N,4,KRW
RSV01092,신촌점,스터디룸,20대,평일,261,6400,4,N,5,KRW
RSV01093,신촌점,개인석,20대,평일,236,2400,6,Y,4,KRW
RSV01094,신촌점,개인석,40대이상,주말,181,2200,4,Y,4,KRW
RSV01095,강남점,오픈석,20대,평일,474,1500,2,Y,4,KRW
RSV01096,강남점,스터디룸,20대,평일,207,6000,12,Y,4,KRW
RSV01097,강남점,오픈석,10대,평일,65,1500,5,Y,2,KRW
RSV01098,강남점,개인석,10대,주말,333,2700,7,Y,4,KRW
RSV01099,건대점,오픈석,20대,주말,284,1500,4,N,3,KRW
RSV01100,홍대점,오픈석,10대,주말,300,1500,5,N,4,KRW
RSV01101,강남점,개인석,30대,평일,120,2300,9,Y,3,KRW
RSV01102,잠실점,오픈석,20대,평일,197,1600,6,Y,4,KRW
RSV01103,잠실점,개인석,20대,평일,191,2500,3,N,3,KRW
RSV01104,잠실점,오픈석,20대,주말,187,1500,8,N,2,KRW
RSV01105,잠실점,오픈석,20대,평일,333,1300,5,N,2,KRW
RSV01106,강남점,개인석,30대,평일,193,2700,2,N,3,KRW
RSV01107,홍대점,오픈석,40대이상,주말,169,1400,11,Y,3,KRW
RSV01108,건대점,오픈석,10대,주말,168,1400,6,Y,3,KRW
RSV01109,건대점,개인석,40대이상,평일,116,2600,3,Y,3,KRW
RSV01110,강남점,오픈석,20대,평일,187,1400,4,N,3,KRW
RSV01111,건대점,스터디룸,20대,평일,376,5600,3,N,4,KRW
RSV01112,강남점,오픈석,20대,주말,175,1300,3,Y,3,KRW
RSV01113,강남점,오픈석,10대,주말,227,1600,3,Y,3,KRW
RSV01114,신촌점,개인석,10대,평일,175,2400,6,N,3,KRW
RSV01115,신촌점,오픈석,30대,평일,169,1800,6,Y,4,KRW
RSV01116,신촌점,오픈석,20대,주말,290,1400,8,Y,3,KRW
RSV01117,강남점,오픈석,40대이상,주말,125,1400,6,N,3,KRW
RSV01118,잠실점,오픈석,20대,평일,80,1400,5,Y,3,KRW
RSV01119,홍대점,스터디룸,10대,평일,324,6100,6,N,3,KRW
RSV01120,강남점,오픈석,30대,평일,134,1500,4,N,4,KRW
RSV01121,잠실점,스터디룸,20대,평일,174,6200,5,N,4,KRW
RSV01122,잠실점,스터디룸,20대,주말,480,5700,5,N,4,KRW
RSV01123,잠실점,개인석,30대,주말,299,2300,7,N,3,KRW
RSV01124,건대점,스터디룸,40대이상,주말,167,5500,3,Y,3,KRW
RSV01125,건대점,오픈석,30대,평일,304,1300,5,Y,3,KRW
RSV01126,신촌점,스터디룸,30대,주말,317,5800,5,Y,3,KRW
RSV01127,강남점,오픈석,30대,평일,39,1500,5,Y,2,KRW
RSV01128,홍대점,개인석,40대이상,평일,206,2400,6,N,2,KRW
RSV01129,홍대점,개인석,20대,평일,118,2700,3,N,3,KRW
RSV01130,홍대점,오픈석,10대,평일,169,1600,7,N,3,KRW
RSV01131,건대점,개인석,20대,주말,480,2400,4,Y,5,KRW
RSV01132,신촌점,개인석,20대,평일,286,2200,4,Y,4,KRW
RSV01133,강남점,오픈석,30대,평일,290,1400,2,N,3,KRW
RSV01134,강남점,오픈석,30대,평일,160,1400,4,N,3,KRW
RSV01135,건대점,개인석,20대,평일,305,2400,4,N,4,KRW
RSV01136,강남점,개인석,10대,평일,136,2400,4,Y,3,KRW
RSV01137,잠실점,스터디룸,30대,평일,219,5800,6,N,4,KRW
RSV01138,신촌점,개인석,20대,주말,305,2400,6,Y,4,KRW
RSV01139,신촌점,스터디룸,30대,평일,291,5800,10,Y,4,KRW
RSV01140,신촌점,개인석,20대,평일,97,2500,7,Y,3,KRW
RSV01141,건대점,오픈석,20대,평일,424,1500,4,N,4,KRW
RSV01142,홍대점,오픈석,10대,주말,135,1400,7,N,3,KRW
RSV01143,건대점,스터디룸,10대,평일,480,6400,5,N,4,KRW
RSV01144,신촌점,개인석,30대,평일,284,2400,4,Y,4,KRW
RSV01145,홍대점,오픈석,40대이상,평일,257,1300,5,Y,4,KRW
RSV01146,잠실점,오픈석,30대,평일,114,1500,11,Y,3,KRW
RSV01147,건대점,스터디룸,10대,평일,167,5800,4,Y,3,KRW
RSV01148,건대점,개인석,20대,주말,446,2500,5,N,4,KRW
RSV01149,잠실점,개인석,30대,평일,394,2100,4,Y,5,KRW
RSV01150,잠실점,개인석,30대,평일,178,2700,8,Y,3,KRW
RSV01151,건대점,오픈석,10대,주말,181,1600,5,N,3,KRW
RSV01152,건대점,오픈석,10대,주말,183,1300,6,Y,3,KRW
RSV01153,건대점,오픈석,30대,평일,305,1400,5,N,4,KRW
RSV01154,건대점,오픈석,20대,평일,290,1700,4,N,3,KRW
RSV01155,신촌점,개인석,20대,평일,229,2400,2,Y,3,KRW
RSV01156,건대점,오픈석,10대,평일,190,1400,5,N,3,KRW
RSV01157,강남점,스터디룸,20대,주말,217,5300,2,Y,3,KRW
RSV01158,잠실점,스터디룸,40대이상,주말,480,5900,4,N,5,KRW
RSV01159,잠실점,오픈석,40대이상,주말,112,1500,9,Y,4,KRW
RSV01160,강남점,개인석,20대,평일,160,2600,4,Y,3,KRW
RSV01161,건대점,개인석,20대,평일,222,2300,7,Y,3,KRW
RSV01162,강남점,스터디룸,10대,평일,109,5500,6,Y,4,KRW
RSV01163,홍대점,오픈석,20대,주말,157,1500,8,N,3,KRW
RSV01164,건대점,개인석,20대,평일,480,2700,4,N,4,KRW
RSV01165,강남점,개인석,30대,평일,295,2300,4,N,3,KRW
RSV01166,건대점,오픈석,20대,주말,157,1600,10,Y,3,KRW
RSV01167,건대점,오픈석,20대,주말,155,1500,4,Y,3,KRW
RSV01168,신촌점,개인석,10대,주말,127,2700,6,Y,3,KRW
RSV01169,강남점,개인석,20대,평일,156,2500,6,Y,4,KRW
RSV01170,홍대점,오픈석,10대,주말,259,1200,11,Y,4,KRW
RSV01171,신촌점,개인석,20대,주말,254,2500,6,N,3,KRW
RSV01172,잠실점,오픈석,40대이상,평일,145,1600,9,Y,3,KRW
RSV01173,신촌점,개인석,20대,평일,124,2400,11,Y,3,KRW
RSV01174,홍대점,오픈석,20대,평일,161,1500,3,Y,3,KRW
RSV01175,신촌점,스터디룸,40대이상,주말,214,5900,2,Y,4,KRW
RSV01176,신촌점,오픈석,40대이상,평일,262,1200,8,Y,3,KRW
RSV01177,건대점,오픈석,20대,평일,198,1700,3,Y,3,KRW
RSV01178,강남점,오픈석,30대,평일,185,1400,3,N,3,KRW
RSV01179,건대점,오픈석,20대,주말,344,1600,4,Y,3,KRW
RSV01180,신촌점,개인석,20대,평일,392,2500,4,N,4,KRW
RSV01181,잠실점,오픈석,20대,평일,213,1600,5,Y,3,KRW
RSV01182,홍대점,스터디룸,30대,평일,245,6100,3,Y,5,KRW
RSV01183,신촌점,오픈석,30대,주말,191,1500,7,N,3,KRW
RSV01184,잠실점,오픈석,20대,평일,114,1400,4,N,2,KRW
RSV01185,강남점,오픈석,10대,평일,273,1600,5,Y,4,KRW
RSV01186,잠실점,오픈석,30대,주말,271,1300,7,N,3,KRW
RSV01187,건대점,오픈석,10대,평일,173,1600,4,Y,2,KRW
RSV01188,강남점,오픈석,20대,주말,224,1400,8,Y,3,KRW
RSV01189,홍대점,개인석,30대,평일,323,2700,3,N,5,KRW
RSV01190,건대점,오픈석,30대,평일,335,1500,4,N,4,KRW
RSV01191,강남점,개인석,30대,평일,65,2600,7,Y,3,KRW
RSV01192,신촌점,개인석,40대이상,평일,142,2500,3,Y,3,KRW
RSV01193,홍대점,오픈석,20대,주말,198,1300,9,N,3,KRW
RSV01194,신촌점,개인석,30대,평일,116,2400,5,Y,4,KRW
RSV01195,강남점,스터디룸,30대,주말,256,6200,5,Y,4,KRW
RSV01196,잠실점,개인석,20대,평일,146,2500,4,N,3,KRW
RSV01197,잠실점,개인석,10대,평일,220,2700,5,N,4,KRW
RSV01198,잠실점,오픈석,20대,평일,133,1500,6,Y,2,KRW
RSV01199,건대점,스터디룸,20대,주말,190,5700,10,Y,4,KRW
RSV01200,강남점,스터디룸,30대,평일,234,5800,3,N,4,KRW
RSV01201,건대점,개인석,30대,평일,294,2500,3,N,5,KRW
RSV01202,강남점,스터디룸,20대,평일,269,5300,2,N,4,KRW
RSV01203,강남점,오픈석,10대,평일,174,1700,7,N,3,KRW
RSV01204,홍대점,오픈석,40대이상,평일,68,1500,6,Y,3,KRW
RSV01205,신촌점,스터디룸,10대,주말,189,6400,2,Y,4,KRW
RSV01206,건대점,스터디룸,20대,평일,157,5500,6,N,4,KRW
RSV01207,건대점,오픈석,20대,주말,279,1600,5,N,4,KRW
RSV01208,홍대점,오픈석,20대,평일,191,1700,2,N,4,KRW
RSV01209,홍대점,오픈석,10대,주말,220,1400,3,N,3,KRW
RSV01210,잠실점,오픈석,10대,주말,141,1600,7,N,3,KRW
RSV01211,홍대점,스터디룸,10대,평일,372,6000,7,N,5,KRW
RSV01212,홍대점,개인석,20대,주말,234,2300,4,N,4,KRW
RSV01213,강남점,오픈석,20대,평일,113,1500,6,Y,2,KRW
RSV01214,건대점,오픈석,20대,주말,142,1600,7,Y,3,KRW
RSV01215,건대점,오픈석,30대,주말,234,1400,2,N,3,KRW
RSV01216,강남점,오픈석,30대,평일,111,1600,7,Y,3,KRW
RSV01217,강남점,개인석,10대,평일,142,2200,6,Y,4,KRW
RSV01218,건대점,스터디룸,20대,평일,128,5600,9,Y,4,KRW
RSV01219,건대점,스터디룸,30대,평일,283,6000,8,Y,4,KRW
RSV01220,홍대점,오픈석,20대,평일,112,1500,6,Y,4,KRW
RSV01221,잠실점,스터디룸,20대,평일,401,5800,4,N,5,KRW
RSV01222,강남점,스터디룸,30대,평일,252,6200,2,N,4,KRW
RSV01223,홍대점,스터디룸,40대이상,주말,153,6200,7,Y,5,KRW
RSV01224,잠실점,개인석,30대,평일,253,2600,4,Y,4,KRW
RSV01225,홍대점,오픈석,20대,평일,342,1500,2,N,4,KRW
RSV01226,신촌점,오픈석,30대,평일,170,1600,6,N,3,KRW
RSV01227,홍대점,오픈석,20대,평일,363,1500,3,N,4,KRW
RSV01228,홍대점,오픈석,30대,평일,224,1700,7,N,4,KRW
RSV01229,잠실점,오픈석,20대,평일,131,1400,3,N,3,KRW
RSV01230,홍대점,개인석,20대,주말,480,2800,5,Y,4,KRW
RSV01231,잠실점,개인석,30대,주말,126,2500,3,N,3,KRW
RSV01232,강남점,개인석,20대,평일,165,2300,4,Y,4,KRW
RSV01233,강남점,오픈석,20대,주말,199,1600,3,N,3,KRW
RSV01234,강남점,스터디룸,40대이상,평일,467,6000,4,Y,5,KRW
RSV01235,건대점,스터디룸,10대,주말,311,6300,2,Y,4,KRW
RSV01236,홍대점,스터디룸,20대,주말,289,6400,6,Y,4,KRW
RSV01237,잠실점,스터디룸,10대,평일,151,6100,2,N,4,KRW
RSV01238,신촌점,개인석,30대,평일,182,2400,6,N,4,KRW
RSV01239,잠실점,스터디룸,30대,평일,162,6300,5,N,4,KRW
RSV01240,강남점,오픈석,20대,평일,230,1500,5,N,3,KRW
RSV01241,잠실점,오픈석,30대,주말,339,1600,3,N,4,KRW
RSV01242,건대점,오픈석,20대,평일,480,1300,6,N,4,KRW
RSV01243,건대점,오픈석,30대,주말,165,1500,4,N,3,KRW
RSV01244,건대점,오픈석,20대,주말,110,1400,6,Y,4,KRW
RSV01245,건대점,개인석,20대,평일,166,2700,3,N,3,KRW
RSV01246,신촌점,스터디룸,40대이상,주말,347,6200,9,N,4,KRW
RSV01247,강남점,개인석,20대,주말,154,2500,8,Y,4,KRW
RSV01248,강남점,오픈석,10대,주말,202,1500,7,N,3,KRW
RSV01249,잠실점,스터디룸,20대,주말,291,5700,10,Y,3,KRW
RSV01250,신촌점,개인석,40대이상,주말,181,2700,5,Y,4,KRW
RSV01251,건대점,오픈석,20대,평일,198,1700,5,Y,4,KRW
RSV01252,신촌점,개인석,10대,주말,148,2600,6,N,3,KRW
RSV01253,강남점,오픈석,20대,평일,325,1700,10,Y,3,KRW
RSV01254,강남점,오픈석,20대,주말,182,1400,3,N,2,KRW
RSV01255,건대점,스터디룸,20대,주말,251,5800,2,N,4,KRW
RSV01256,홍대점,오픈석,30대,평일,69,1500,4,N,4,KRW
RSV01257,강남점,개인석,40대이상,평일,116,2600,6,Y,3,KRW
RSV01258,신촌점,스터디룸,20대,평일,317,5900,5,N,5,KRW
RSV01259,강남점,개인석,20대,평일,155,2600,4,N,4,KRW
RSV01260,신촌점,오픈석,20대,평일,111,1500,5,Y,4,KRW
RSV01261,홍대점,오픈석,10대,주말,107,1400,2,N,3,KRW
RSV01262,건대점,오픈석,40대이상,주말,347,1600,3,N,4,KRW
RSV01263,홍대점,개인석,20대,주말,290,2600,3,N,4,KRW
RSV01264,홍대점,개인석,20대,평일,257,2500,6,Y,4,KRW
RSV01265,강남점,오픈석,30대,주말,413,1600,4,N,4,KRW
RSV01266,강남점,스터디룸,20대,주말,205,5600,11,Y,5,KRW
RSV01267,홍대점,개인석,30대,평일,100,2600,5,Y,3,KRW
RSV01268,신촌점,오픈석,10대,평일,182,1400,5,N,3,KRW
RSV01269,신촌점,개인석,30대,평일,442,2300,5,N,5,KRW
RSV01270,홍대점,개인석,40대이상,주말,224,2400,5,N,4,KRW
RSV01271,건대점,오픈석,30대,평일,310,1400,5,N,4,KRW
RSV01272,잠실점,오픈석,40대이상,주말,112,1400,5,N,3,KRW
RSV01273,건대점,스터디룸,20대,평일,150,5900,7,Y,3,KRW
RSV01274,강남점,개인석,20대,주말,319,2600,2,N,5,KRW
RSV01275,신촌점,개인석,30대,평일,209,2500,6,Y,4,KRW
RSV01276,강남점,개인석,20대,평일,183,2300,3,Y,4,KRW
RSV01277,강남점,오픈석,20대,평일,308,1600,7,Y,3,KRW
RSV01278,잠실점,오픈석,20대,평일,277,1400,7,Y,4,KRW
RSV01279,강남점,개인석,10대,주말,236,2500,3,Y,3,KRW
RSV01280,신촌점,오픈석,20대,평일,51,1500,6,N,2,KRW
RSV01281,신촌점,오픈석,20대,주말,203,1500,5,Y,2,KRW
RSV01282,건대점,스터디룸,30대,평일,250,6300,3,Y,4,KRW
RSV01283,신촌점,스터디룸,20대,평일,100,6100,6,Y,4,KRW
RSV01284,강남점,스터디룸,10대,평일,247,5700,5,Y,4,KRW
RSV01285,홍대점,스터디룸,20대,평일,345,6700,5,Y,4,KRW
RSV01286,신촌점,오픈석,20대,주말,203,1500,5,N,4,KRW
RSV01287,강남점,스터디룸,40대이상,평일,135,6000,5,Y,4,KRW
RSV01288,홍대점,오픈석,20대,주말,78,1600,5,N,4,KRW
RSV01289,강남점,스터디룸,20대,주말,274,6100,4,Y,4,KRW
RSV01290,강남점,스터디룸,30대,평일,104,6100,4,N,4,KRW
RSV01291,홍대점,개인석,20대,평일,256,2900,5,N,5,KRW
RSV01292,강남점,스터디룸,10대,주말,471,5900,4,N,4,KRW
RSV01293,신촌점,개인석,20대,주말,162,2500,5,N,3,KRW
RSV01294,건대점,오픈석,40대이상,주말,184,1500,3,N,4,KRW
RSV01295,건대점,개인석,20대,평일,443,2700,7,Y,5,KRW
RSV01296,강남점,개인석,20대,주말,229,2300,4,N,4,KRW
RSV01297,강남점,오픈석,10대,평일,141,1300,4,N,3,KRW
RSV01298,강남점,개인석,20대,주말,332,2400,2,Y,5,KRW
RSV01299,신촌점,스터디룸,20대,주말,200,5500,3,Y,4,KRW
RSV01300,건대점,오픈석,20대,평일,118,1500,5,Y,3,KRW
RSV01301,강남점,스터디룸,10대,평일,269,6200,4,N,4,KRW
RSV01302,잠실점,스터디룸,40대이상,평일,334,5700,7,Y,4,KRW
RSV01303,강남점,스터디룸,30대,평일,148,5600,5,Y,3,KRW
RSV01304,신촌점,스터디룸,20대,주말,252,6000,4,N,4,KRW
RSV01305,건대점,개인석,30대,평일,177,2600,2,N,4,KRW
RSV01306,잠실점,스터디룸,10대,평일,206,5500,6,Y,4,KRW
RSV01307,건대점,개인석,20대,평일,120,2600,5,Y,3,KRW
RSV01308,건대점,오픈석,30대,주말,273,1600,4,N,3,KRW
RSV01309,홍대점,개인석,30대,평일,385,2600,4,N,4,KRW
RSV01310,건대점,개인석,30대,평일,132,2700,4,N,3,KRW
RSV01311,강남점,오픈석,20대,평일,248,1700,5,N,4,KRW
RSV01312,잠실점,개인석,40대이상,주말,329,2400,6,Y,3,KRW
RSV01313,신촌점,개인석,10대,주말,236,2500,7,Y,3,KRW
RSV01314,건대점,오픈석,40대이상,평일,243,1500,7,Y,4,KRW
RSV01315,홍대점,개인석,40대이상,평일,138,2500,4,N,4,KRW
RSV01316,신촌점,스터디룸,20대,평일,389,6500,3,N,5,KRW
RSV01317,신촌점,개인석,30대,평일,321,2300,2,N,4,KRW
RSV01318,건대점,오픈석,10대,평일,324,1400,7,N,3,KRW
RSV01319,강남점,오픈석,20대,주말,121,1600,6,Y,2,KRW
RSV01320,강남점,오픈석,20대,평일,227,1600,4,Y,3,KRW
RSV01321,강남점,스터디룸,20대,주말,183,5900,7,Y,4,KRW
RSV01322,강남점,오픈석,40대이상,평일,375,1600,5,Y,3,KRW
RSV01323,잠실점,개인석,30대,주말,158,2600,4,Y,3,KRW
RSV01324,강남점,오픈석,20대,주말,226,1700,7,N,4,KRW
RSV01325,잠실점,오픈석,30대,평일,61,1500,2,Y,3,KRW
RSV01326,홍대점,스터디룸,40대이상,평일,230,6300,4,Y,4,KRW
RSV01327,강남점,개인석,10대,평일,112,2900,4,Y,3,KRW
RSV01328,건대점,오픈석,40대이상,평일,233,1600,6,N,3,KRW
RSV01329,건대점,개인석,10대,평일,180,2500,3,N,5,KRW
RSV01330,신촌점,오픈석,30대,평일,147,1600,7,N,2,KRW
RSV01331,신촌점,개인석,20대,주말,420,2400,8,N,4,KRW
RSV01332,건대점,개인석,10대,평일,480,2900,5,Y,4,KRW
RSV01333,강남점,오픈석,20대,주말,108,1500,4,Y,4,KRW
RSV01334,잠실점,오픈석,30대,평일,149,1500,5,Y,3,KRW
RSV01335,잠실점,오픈석,20대,주말,293,1400,3,Y,4,KRW
RSV01336,건대점,스터디룸,10대,평일,244,6300,7,N,3,KRW
RSV01337,강남점,스터디룸,20대,주말,316,6300,2,Y,4,KRW
RSV01338,건대점,오픈석,40대이상,평일,171,1500,4,Y,3,KRW
RSV01339,강남점,개인석,20대,평일,327,2600,4,N,5,KRW
RSV01340,강남점,오픈석,20대,평일,196,1300,5,N,3,KRW
RSV01341,홍대점,오픈석,20대,평일,220,1500,6,N,3,KRW
RSV01342,홍대점,개인석,10대,평일,112,2600,3,N,4,KRW
RSV01343,잠실점,스터디룸,30대,평일,216,6500,10,Y,5,KRW
RSV01344,건대점,스터디룸,30대,평일,300,5800,7,Y,5,KRW
RSV01345,건대점,개인석,20대,주말,248,2300,9,Y,4,KRW
RSV01346,홍대점,오픈석,20대,평일,190,1400,3,N,3,KRW
RSV01347,홍대점,스터디룸,30대,평일,257,5600,12,N,4,KRW
RSV01348,홍대점,오픈석,20대,주말,221,1600,10,Y,3,KRW
RSV01349,잠실점,개인석,30대,평일,189,2700,5,Y,4,KRW
RSV01350,강남점,오픈석,30대,평일,274,1500,6,Y,3,KRW
RSV01351,잠실점,개인석,30대,평일,183,2700,6,Y,3,KRW
RSV01352,신촌점,오픈석,20대,주말,119,1500,12,Y,4,KRW
RSV01353,홍대점,오픈석,20대,주말,396,1500,5,Y,4,KRW
RSV01354,건대점,스터디룸,40대이상,주말,185,5900,3,N,4,KRW
RSV01355,신촌점,오픈석,20대,평일,81,1500,7,Y,2,KRW
RSV01356,잠실점,개인석,30대,주말,282,2300,5,N,4,KRW
RSV01357,잠실점,오픈석,20대,평일,396,1500,4,Y,4,KRW
RSV01358,홍대점,오픈석,30대,평일,245,1500,3,Y,3,KRW
RSV01359,홍대점,오픈석,20대,평일,344,1600,3,Y,4,KRW
RSV01360,신촌점,오픈석,20대,평일,111,1500,2,N,3,KRW
RSV01361,잠실점,스터디룸,10대,평일,125,6000,4,Y,4,KRW
RSV01362,강남점,오픈석,30대,평일,149,1400,3,N,3,KRW
RSV01363,신촌점,스터디룸,30대,평일,330,6000,3,N,5,KRW
RSV01364,신촌점,개인석,20대,평일,249,2600,8,Y,4,KRW
RSV01365,건대점,개인석,20대,주말,282,2300,6,Y,4,KRW
RSV01366,강남점,개인석,30대,평일,205,2500,6,N,4,KRW
RSV01367,건대점,개인석,10대,주말,191,2500,7,N,4,KRW
RSV01368,잠실점,개인석,20대,평일,210,2400,3,Y,4,KRW
RSV01369,강남점,오픈석,20대,주말,190,1400,8,N,3,KRW
RSV01370,강남점,오픈석,20대,평일,145,1500,4,N,3,KRW
RSV01371,잠실점,스터디룸,20대,평일,247,5700,1,N,4,KRW
RSV01372,강남점,스터디룸,20대,평일,187,6100,10,Y,3,KRW
RSV01373,잠실점,스터디룸,10대,평일,235,5700,5,Y,3,KRW
RSV01374,신촌점,오픈석,20대,주말,89,1600,5,Y,2,KRW
RSV01375,강남점,스터디룸,20대,평일,226,6700,5,Y,4,KRW
RSV01376,잠실점,개인석,20대,평일,171,2400,3,N,4,KRW
RSV01377,홍대점,개인석,20대,주말,394,2600,3,N,4,KRW
RSV01378,신촌점,오픈석,30대,주말,105,1400,5,N,3,KRW
RSV01379,홍대점,개인석,10대,평일,204,2700,11,Y,4,KRW
RSV01380,신촌점,오픈석,20대,평일,271,1400,6,N,3,KRW
RSV01381,강남점,오픈석,10대,평일,168,1500,2,N,3,KRW
RSV01382,홍대점,스터디룸,10대,평일,184,5700,5,Y,3,KRW
RSV01383,잠실점,오픈석,20대,평일,271,1500,4,Y,3,KRW
RSV01384,홍대점,오픈석,20대,주말,256,1400,8,Y,4,KRW
RSV01385,건대점,오픈석,40대이상,평일,240,1600,5,N,4,KRW
RSV01386,홍대점,스터디룸,20대,평일,175,5700,4,N,5,KRW
RSV01387,건대점,개인석,40대이상,평일,151,2600,4,Y,3,KRW
RSV01388,강남점,오픈석,10대,주말,230,1500,4,Y,4,KRW
RSV01389,잠실점,스터디룸,10대,주말,337,6000,3,N,4,KRW
RSV01390,홍대점,스터디룸,10대,평일,118,6000,2,N,3,KRW
RSV01391,강남점,오픈석,20대,주말,196,1400,5,N,4,KRW
RSV01392,강남점,개인석,20대,평일,154,2500,5,N,3,KRW
RSV01393,강남점,스터디룸,30대,평일,211,6500,6,Y,5,KRW
RSV01394,신촌점,개인석,10대,평일,273,2400,3,N,4,KRW
RSV01395,홍대점,오픈석,40대이상,평일,117,1600,6,Y,2,KRW
RSV01396,건대점,스터디룸,30대,평일,274,6400,2,N,3,KRW
RSV01397,홍대점,개인석,20대,주말,188,2400,4,Y,4,KRW
RSV01398,강남점,오픈석,10대,평일,305,1400,4,N,3,KRW
RSV01399,신촌점,개인석,20대,주말,160,2500,6,Y,3,KRW
RSV01400,건대점,오픈석,10대,평일,280,1400,4,N,2,KRW
RSV01401,강남점,오픈석,10대,평일,93,1700,5,Y,3,KRW
RSV01402,강남점,개인석,20대,평일,213,2500,6,Y,3,KRW
RSV01403,강남점,오픈석,20대,평일,247,1400,6,N,3,KRW
RSV01404,건대점,오픈석,20대,평일,122,1400,6,Y,2,KRW
RSV01405,건대점,개인석,40대이상,평일,72,2700,5,N,4,KRW
RSV01406,신촌점,오픈석,30대,평일,142,1400,4,N,2,KRW
RSV01407,건대점,스터디룸,40대이상,평일,212,6000,6,Y,4,KRW
RSV01408,건대점,오픈석,10대,주말,178,1600,7,N,3,KRW
RSV01409,신촌점,오픈석,20대,평일,135,1500,9,N,3,KRW
RSV01410,잠실점,오픈석,20대,평일,273,1500,6,Y,3,KRW
RSV01411,강남점,오픈석,10대,평일,321,1500,3,N,3,KRW
RSV01412,강남점,오픈석,10대,주말,336,1600,1,Y,4,KRW
RSV01413,홍대점,개인석,30대,주말,266,2600,4,Y,4,KRW
RSV01414,강남점,스터디룸,30대,평일,271,5900,4,N,4,KRW
RSV01415,신촌점,오픈석,20대,평일,112,1500,10,Y,3,KRW
RSV01416,잠실점,개인석,20대,평일,189,2400,3,N,3,KRW
RSV01417,강남점,개인석,20대,주말,230,2300,6,Y,3,KRW
RSV01418,강남점,스터디룸,10대,주말,263,6100,6,Y,4,KRW
RSV01419,홍대점,개인석,20대,평일,222,2800,4,N,3,KRW
RSV01420,잠실점,오픈석,20대,평일,183,1400,2,N,3,KRW
RSV01421,홍대점,오픈석,10대,평일,225,1400,5,N,3,KRW
RSV01422,신촌점,개인석,40대이상,주말,242,2400,4,N,4,KRW
RSV01423,강남점,스터디룸,20대,평일,232,6200,12,Y,3,KRW
RSV01424,강남점,오픈석,30대,평일,126,1500,4,Y,3,KRW
RSV01425,잠실점,오픈석,20대,평일,99,1500,5,Y,3,KRW
RSV01426,잠실점,스터디룸,20대,주말,264,5700,3,N,4,KRW
RSV01427,강남점,스터디룸,20대,주말,200,6000,3,Y,4,KRW
RSV01428,잠실점,스터디룸,10대,주말,184,5500,6,Y,4,KRW
RSV01429,신촌점,개인석,20대,평일,265,2500,5,N,3,KRW
RSV01430,잠실점,오픈석,30대,주말,200,1600,4,N,3,KRW
RSV01431,홍대점,개인석,30대,평일,360,2300,5,Y,3,KRW
RSV01432,신촌점,개인석,20대,평일,252,2300,5,Y,3,KRW
RSV01433,신촌점,오픈석,20대,평일,122,1700,6,N,4,KRW
RSV01434,건대점,개인석,40대이상,주말,291,2400,3,N,3,KRW
RSV01435,강남점,개인석,10대,평일,234,2700,8,Y,3,KRW
RSV01436,강남점,오픈석,20대,주말,145,1500,9,Y,3,KRW
RSV01437,홍대점,스터디룸,20대,주말,191,6000,5,N,4,KRW
RSV01438,건대점,개인석,30대,평일,260,2600,6,N,4,KRW
RSV01439,강남점,스터디룸,40대이상,평일,102,5700,2,N,4,KRW
RSV01440,건대점,오픈석,20대,평일,60,1500,8,Y,2,KRW
RSV01441,잠실점,오픈석,40대이상,평일,196,1500,4,N,4,KRW
RSV01442,강남점,개인석,30대,평일,204,2300,7,Y,4,KRW
RSV01443,건대점,오픈석,20대,평일,205,1500,3,Y,3,KRW
RSV01444,홍대점,개인석,20대,주말,229,2500,6,N,4,KRW
RSV01445,잠실점,개인석,20대,주말,263,2500,3,N,3,KRW
RSV01446,강남점,오픈석,40대이상,평일,323,1400,5,N,3,KRW
RSV01447,건대점,개인석,20대,평일,196,2700,7,Y,3,KRW
RSV01448,건대점,개인석,30대,평일,100,2600,7,N,3,KRW
RSV01449,잠실점,오픈석,20대,주말,93,1600,7,Y,3,KRW
RSV01450,건대점,스터디룸,30대,주말,206,5900,7,Y,4,KRW
RSV01451,신촌점,스터디룸,20대,평일,183,5500,7,Y,4,KRW
RSV01452,신촌점,개인석,20대,평일,107,2800,4,N,3,KRW
RSV01453,잠실점,개인석,30대,주말,96,2500,5,N,3,KRW
RSV01454,신촌점,개인석,30대,평일,161,2400,5,Y,4,KRW
RSV01455,강남점,스터디룸,40대이상,평일,425,6100,5,Y,4,KRW
RSV01456,잠실점,개인석,10대,평일,234,2700,3,N,4,KRW
RSV01457,건대점,개인석,30대,평일,224,2500,5,N,4,KRW
RSV01458,건대점,스터디룸,10대,평일,195,6400,5,Y,4,KRW
RSV01459,강남점,오픈석,20대,주말,176,1600,6,Y,3,KRW
RSV01460,건대점,스터디룸,20대,주말,285,5700,7,Y,4,KRW
RSV01461,홍대점,오픈석,20대,평일,97,1400,6,N,3,KRW
RSV01462,건대점,오픈석,20대,주말,473,1600,5,Y,4,KRW
RSV01463,강남점,오픈석,40대이상,평일,101,1200,8,Y,3,KRW
RSV01464,건대점,스터디룸,10대,주말,295,6000,9,Y,4,KRW
RSV01465,잠실점,스터디룸,30대,평일,135,5600,5,N,4,KRW
RSV01466,강남점,개인석,20대,주말,232,2400,9,Y,3,KRW
RSV01467,잠실점,개인석,10대,주말,293,2500,7,N,4,KRW
RSV01468,홍대점,개인석,20대,평일,92,2400,10,Y,3,KRW
RSV01469,잠실점,스터디룸,40대이상,주말,166,5800,9,Y,4,KRW
RSV01470,건대점,개인석,40대이상,주말,155,2300,2,N,3,KRW
RSV01471,신촌점,오픈석,40대이상,주말,183,1700,4,N,3,KRW
RSV01472,건대점,오픈석,40대이상,평일,203,1700,8,Y,4,KRW
RSV01473,잠실점,스터디룸,20대,주말,454,5700,6,Y,5,KRW
RSV01474,홍대점,개인석,20대,주말,176,2700,2,Y,3,KRW
RSV01475,홍대점,오픈석,30대,평일,386,1500,9,Y,4,KRW
RSV01476,건대점,오픈석,20대,주말,240,1500,3,N,4,KRW
RSV01477,건대점,스터디룸,20대,평일,129,6000,7,Y,4,KRW
RSV01478,건대점,오픈석,20대,평일,166,1400,2,Y,2,KRW
RSV01479,건대점,개인석,20대,평일,101,2600,3,N,4,KRW
RSV01480,홍대점,스터디룸,20대,평일,181,6000,10,Y,4,KRW
RSV01481,건대점,개인석,20대,평일,161,2400,5,Y,2,KRW
RSV01482,강남점,오픈석,20대,평일,193,1400,2,N,4,KRW
RSV01483,신촌점,개인석,20대,주말,280,2400,4,Y,4,KRW
RSV01484,강남점,스터디룸,20대,평일,202,5500,4,N,4,KRW
RSV01485,홍대점,개인석,20대,평일,120,2500,3,Y,3,KRW
RSV01486,홍대점,스터디룸,30대,평일,374,5600,3,N,5,KRW
RSV01487,홍대점,오픈석,10대,평일,412,1500,6,N,4,KRW
RSV01488,건대점,개인석,20대,주말,204,2700,8,N,4,KRW
RSV01489,홍대점,개인석,30대,주말,250,2700,7,Y,4,KRW
RSV01490,홍대점,스터디룸,20대,주말,215,6000,5,Y,3,KRW
RSV01491,강남점,오픈석,20대,평일,194,1500,8,Y,3,KRW
RSV01492,홍대점,스터디룸,30대,평일,229,6600,10,Y,4,KRW
RSV01493,강남점,개인석,20대,평일,108,2600,4,N,4,KRW
RSV01494,강남점,오픈석,30대,평일,153,1500,5,Y,3,KRW
RSV01495,신촌점,오픈석,30대,평일,293,1400,3,Y,3,KRW
RSV01496,건대점,스터디룸,30대,주말,335,6100,3,N,4,KRW
RSV01497,신촌점,오픈석,20대,평일,151,1600,10,Y,3,KRW
RSV01498,홍대점,오픈석,10대,주말,226,1400,7,Y,3,KRW
RSV01499,홍대점,오픈석,20대,평일,157,1500,11,Y,3,KRW
RSV01500,잠실점,스터디룸,20대,평일,275,5900,5,Y,4,KRW
